0,0,30,false,true,0,14
0,1,30,false,true,0,12
0,2,30,false,false,0,19
0,3,30,false,false,0,11
0,4,30,false,false,0,15
0,5,30,false,true,0,2
0,6,30,false,false,0,5
0,7,30,false,true,0,8
0,8,30,false,false,0,7
0,9,30,false,false,0,3
0,10,30,false,false,0,1
0,11,30,false,true,0,18
0,12,30,false,false,0,9
0,13,30,false,false,0,17
0,14,30,false,true,0,4
0,15,30,false,true,0,6
0,16,30,false,true,0,0
0,17,30,false,true,0,16
0,18,30,false,false,0,13
0,19,30,false,true,0,10
0,20,30,false,true,1,4000
0,21,30,false,false,1,4015
0,22,30,false,true,1,4002
0,23,30,false,false,1,4003
0,24,30,false,true,1,4006
0,25,30,false,true,1,4008
0,26,30,false,true,1,4012
0,27,30,false,false,1,4007
0,28,30,false,true,1,4004
0,29,30,false,true,1,4014
0,30,30,false,false,1,4011
0,31,30,false,true,1,4010
0,32,30,false,false,1,4019
0,33,30,false,false,1,4005
0,34,30,false,true,1,4018
0,35,30,false,false,1,4013
0,36,30,false,false,1,4001
0,37,30,false,false,1,4009
0,38,30,false,true,1,4016
0,39,30,false,false,1,4017
0,40,30,false,false,2,8011
0,41,30,false,true,2,8008
0,42,30,false,true,2,8012
0,43,30,false,false,2,8007
0,44,30,false,false,2,8017
0,45,30,false,true,2,8000
0,46,30,false,true,2,8010
0,47,30,false,true,2,8016
0,48,30,false,false,2,8013
0,49,30,false,false,2,8015
0,50,30,false,true,2,8018
0,51,30,false,false,2,8009
0,52,30,false,true,2,8004
0,53,30,false,true,2,8014
0,54,30,false,false,2,8005
0,55,30,false,false,2,8003
0,56,30,false,true,2,8002
0,57,30,false,false,2,8019
0,58,30,false,false,2,8001
0,59,30,false,true,2,8006
1,0,30,false,false,0,33
1,1,30,false,false,0,27
1,2,30,false,false,0,25
1,3,30,false,false,0,29
1,4,30,false,false,0,39
1,5,30,false,true,0,30
1,6,30,false,false,0,37
1,7,30,false,false,0,31
1,8,30,false,false,0,23
1,9,30,false,false,0,35
1,10,30,false,true,0,32
1,11,30,false,true,0,38
1,12,30,false,true,0,36
1,13,30,false,true,0,26
1,14,30,false,true,0,20
1,15,30,false,true,0,22
1,16,30,false,true,0,28
1,17,30,false,false,0,21
1,18,30,false,true,0,34
1,19,30,false,true,0,24
1,20,30,false,true,1,4022
1,21,30,false,false,1,4029
1,22,30,false,true,1,4032
1,23,30,false,false,1,4027
1,24,30,false,true,1,4038
1,25,30,false,false,1,4031
1,26,30,false,false,1,4023
1,27,30,false,true,1,4030
1,28,30,false,true,1,4020
1,29,30,false,false,1,4021
1,30,30,false,true,1,4034
1,31,30,false,false,1,4033
1,32,30,false,false,1,4035
1,33,30,false,false,1,4025
1,34,30,false,true,1,4026
1,35,30,false,true,1,4024
1,36,30,false,false,1,4039
1,37,30,false,true,1,4028
1,38,30,false,false,1,4037
1,39,30,false,true,1,4036
1,40,30,false,true,2,8024
1,41,30,false,true,2,8036
1,42,30,false,true,2,8022
1,43,30,false,false,2,8027
1,44,30,false,true,2,8038
1,45,30,false,true,2,8030
1,46,30,false,true,2,8026
1,47,30,false,true,2,8034
1,48,30,false,false,2,8023
1,49,30,false,false,2,8039
1,50,30,false,false,2,8037
1,51,30,false,true,2,8032
1,52,30,false,false,2,8033
1,53,30,false,false,2,8029
1,54,30,false,false,2,8031
1,55,30,false,false,2,8025
1,56,30,false,true,2,8028
1,57,30,false,false,2,8035
1,58,30,false,false,2,8021
1,59,30,false,true,2,8020
2,0,30,false,false,0,45
2,1,30,false,true,0,50
2,2,30,false,false,0,59
2,3,30,false,false,0,43
2,4,30,false,true,0,52
2,5,30,false,false,0,55
2,6,30,false,true,0,44
2,7,30,false,false,0,51
2,8,30,false,false,0,53
2,9,30,false,false,0,47
2,10,30,false,false,0,49
2,11,30,false,false,0,57
2,12,30,false,true,0,54
2,13,30,false,false,0,41
2,14,30,false,true,0,46
2,15,30,false,true,0,48
2,16,30,false,true,0,42
2,17,30,false,true,0,40
2,18,30,false,true,0,56
2,19,30,false,true,0,58
2,20,30,false,true,1,4040
2,21,30,false,true,1,4052
2,22,30,false,false,1,4049
2,23,30,false,false,1,4057
2,24,30,false,true,1,4056
2,25,30,false,true,1,4050
2,26,30,false,false,1,4051
2,27,30,false,false,1,4047
2,28,30,false,false,1,4041
2,29,30,false,true,1,4042
2,30,30,false,false,1,4053
2,31,30,false,false,1,4043
2,32,30,false,true,1,4048
2,33,30,false,true,1,4054
2,34,30,false,false,1,4055
2,35,30,false,true,1,4044
2,36,30,false,false,1,4045
2,37,30,false,true,1,4058
2,38,30,false,true,1,4046
2,39,30,false,false,1,4059
2,40,30,false,false,2,8057
2,41,30,false,false,2,8055
2,42,30,false,false,2,8043
2,43,30,false,true,2,8042
2,44,30,false,true,2,8052
2,45,30,false,true,2,8044
2,46,30,false,false,2,8041
2,47,30,false,false,2,8051
2,48,30,false,false,2,8049
2,49,30,false,true,2,8048
2,50,30,false,true,2,8040
2,51,30,false,true,2,8054
2,52,30,false,true,2,8046
2,53,30,false,false,2,8047
2,54,30,false,true,2,8058
2,55,30,false,true,2,8050
2,56,30,false,false,2,8045
2,57,30,false,true,2,8056
2,58,30,false,false,2,8053
2,59,30,false,false,2,8059
3,0,30,false,false,0,75
3,1,30,false,true,0,74
3,2,30,false,true,0,60
3,3,30,false,true,0,68
3,4,30,false,true,0,66
3,5,30,false,true,0,72
3,6,30,false,false,0,71
3,7,30,false,false,0,69
3,8,30,false,false,0,61
3,9,30,false,false,0,73
3,10,30,false,false,0,79
3,11,30,false,true,0,76
3,12,30,false,false,0,67
3,13,30,false,false,0,65
3,14,30,false,false,0,63
3,15,30,false,true,0,78
3,16,30,false,true,0,70
3,17,30,false,true,0,64
3,18,30,false,true,0,62
3,19,30,false,false,0,77
3,20,30,false,false,1,4077
3,21,30,false,true,1,4066
3,22,30,false,true,1,4072
3,23,30,false,true,1,4070
3,24,30,false,false,1,4067
3,25,30,false,true,1,4064
3,26,30,false,false,1,4069
3,27,30,false,true,1,4078
3,28,30,false,true,1,4060
3,29,30,false,false,1,4071
3,30,30,false,false,1,4073
3,31,30,false,false,1,4065
3,32,30,false,true,1,4074
3,33,30,false,false,1,4075
3,34,30,false,false,1,4063
3,35,30,false,true,1,4068
3,36,30,false,true,1,4062
3,37,30,false,true,1,4076
3,38,30,false,false,1,4061
3,39,30,false,false,1,4079
3,40,30,false,true,2,8066
3,41,30,false,false,2,8073
3,42,30,false,true,2,8076
3,43,30,false,false,2,8065
3,44,30,false,false,2,8079
3,45,30,false,true,2,8064
3,46,30,false,true,2,8072
3,47,30,false,false,2,8067
3,48,30,false,false,2,8063
3,49,30,false,true,2,8074
3,50,30,false,true,2,8078
3,51,30,false,true,2,8062
3,52,30,false,false,2,8077
3,53,30,false,true,2,8068
3,54,30,false,false,2,8075
3,55,30,false,true,2,8070
3,56,30,false,false,2,8069
3,57,30,false,false,2,8071
3,58,30,false,false,2,8061
3,59,30,false,true,2,8060
4,0,30,false,true,0,90
4,1,30,false,false,0,95
4,2,30,false,false,0,93
4,3,30,false,false,0,81
4,4,30,false,false,0,83
4,5,30,false,true,0,80
4,6,30,false,true,0,96
4,7,30,false,true,0,92
4,8,30,false,false,0,85
4,9,30,false,false,0,89
4,10,30,false,true,0,86
4,11,30,false,true,0,88
4,12,30,false,false,0,91
4,13,30,false,false,0,87
4,14,30,false,true,0,84
4,15,30,false,true,0,82
4,16,30,false,false,0,99
4,17,30,false,true,0,98
4,18,30,false,false,0,97
4,19,30,false,true,0,94
4,20,30,false,false,1,4091
4,21,30,false,false,1,4089
4,22,30,false,false,1,4097
4,23,30,false,false,1,4099
4,24,30,false,false,1,4087
4,25,30,false,true,1,4082
4,26,30,false,true,1,4096
4,27,30,false,true,1,4084
4,28,30,false,true,1,4088
4,29,30,false,true,1,4090
4,30,30,false,false,1,4095
4,31,30,false,true,1,4098
4,32,30,false,true,1,4092
4,33,30,false,false,1,4093
4,34,30,false,true,1,4086
4,35,30,false,true,1,4094
4,36,30,false,false,1,4083
4,37,30,false,false,1,4081
4,38,30,false,false,1,4085
4,39,30,false,true,1,4080
4,40,30,false,true,2,8082
4,41,30,false,false,2,8093
4,42,30,false,false,2,8083
4,43,30,false,true,2,8088
4,44,30,false,true,2,8094
4,45,30,false,true,2,8084
4,46,30,false,true,2,8090
4,47,30,false,false,2,8097
4,48,30,false,false,2,8085
4,49,30,false,false,2,8099
4,50,30,false,false,2,8091
4,51,30,false,false,2,8087
4,52,30,false,true,2,8092
4,53,30,false,false,2,8081
4,54,30,false,true,2,8098
4,55,30,false,false,2,8089
4,56,30,false,true,2,8086
4,57,30,false,true,2,8080
4,58,30,false,true,2,8096
4,59,30,false,false,2,8095
5,0,30,false,true,0,110
5,1,30,false,true,0,118
5,2,30,false,true,0,102
5,3,30,false,false,0,105
5,4,30,false,true,0,100
5,5,30,false,true,0,112
5,6,30,false,false,0,103
5,7,30,false,false,0,111
5,8,30,false,false,0,101
5,9,30,false,false,0,107
5,10,30,false,true,0,114
5,11,30,false,false,0,119
5,12,30,false,true,0,116
5,13,30,false,false,0,117
5,14,30,false,false,0,113
5,15,30,false,false,0,109
5,16,30,false,true,0,104
5,17,30,false,true,0,106
5,18,30,false,true,0,108
5,19,30,false,false,0,115
5,20,30,false,true,1,4118
5,21,30,false,false,1,4103
5,22,30,false,true,1,4102
5,23,30,false,true,1,4110
5,24,30,false,true,1,4116
5,25,30,false,false,1,4101
5,26,30,false,true,1,4108
5,27,30,false,false,1,4115
5,28,30,false,true,1,4100
5,29,30,false,false,1,4107
5,30,30,false,false,1,4117
5,31,30,false,true,1,4104
5,32,30,false,false,1,4105
5,33,30,false,true,1,4106
5,34,30,false,false,1,4111
5,35,30,false,true,1,4114
5,36,30,false,false,1,4109
5,37,30,false,false,1,4113
5,38,30,false,false,1,4119
5,39,30,false,true,1,4112
5,40,30,false,true,2,8104
5,41,30,false,false,2,8109
5,42,30,false,false,2,8113
5,43,30,false,true,2,8112
5,44,30,false,true,2,8102
5,45,30,false,true,2,8114
5,46,30,false,true,2,8100
5,47,30,false,true,2,8110
5,48,30,false,true,2,8106
5,49,30,false,true,2,8108
5,50,30,false,false,2,8101
5,51,30,false,true,2,8118
5,52,30,false,false,2,8119
5,53,30,false,false,2,8111
5,54,30,false,false,2,8107
5,55,30,false,true,2,8116
5,56,30,false,false,2,8103
5,57,30,false,false,2,8105
5,58,30,false,false,2,8117
5,59,30,false,false,2,8115
6,0,30,false,true,0,134
6,1,30,false,true,0,136
6,2,30,false,false,0,127
6,3,30,false,true,0,132
6,4,30,false,true,0,126
6,5,30,false,false,0,125
6,6,30,false,true,0,138
6,7,30,false,false,0,137
6,8,30,false,false,0,131
6,9,30,false,true,0,122
6,10,30,false,true,0,128
6,11,30,false,false,0,129
6,12,30,false,true,0,120
6,13,30,false,false,0,139
6,14,30,false,false,0,121
6,15,30,false,true,0,124
6,16,30,false,false,0,135
6,17,30,false,false,0,133
6,18,30,false,false,0,123
6,19,30,false,true,0,130
6,20,30,false,true,1,4132
6,21,30,false,true,1,4122
6,22,30,false,false,1,4127
6,23,30,false,true,1,4126
6,24,30,false,false,1,4139
6,25,30,false,true,1,4134
6,26,30,false,false,1,4125
6,27,30,false,false,1,4131
6,28,30,false,false,1,4123
6,29,30,false,true,1,4128
6,30,30,false,false,1,4133
6,31,30,false,false,1,4135
6,32,30,false,true,1,4120
6,33,30,false,false,1,4129
6,34,30,false,true,1,4124
6,35,30,false,true,1,4130
6,36,30,false,true,1,4136
6,37,30,false,true,1,4138
6,38,30,false,false,1,4121
6,39,30,false,false,1,4137
6,40,30,false,false,2,8125
6,41,30,false,false,2,8131
6,42,30,false,true,2,8136
6,43,30,false,false,2,8123
6,44,30,false,false,2,8139
6,45,30,false,false,2,8135
6,46,30,false,true,2,8124
6,47,30,false,true,2,8132
6,48,30,false,false,2,8137
6,49,30,false,false,2,8121
6,50,30,false,true,2,8134
6,51,30,false,true,2,8126
6,52,30,false,false,2,8133
6,53,30,false,true,2,8128
6,54,30,false,true,2,8122
6,55,30,false,false,2,8129
6,56,30,false,false,2,8127
6,57,30,false,true,2,8130
6,58,30,false,true,2,8120
6,59,30,false,true,2,8138
7,0,30,false,true,0,144
7,1,30,false,true,0,156
7,2,30,false,false,0,149
7,3,30,false,true,0,152
7,4,30,false,false,0,159
7,5,30,false,true,0,148
7,6,30,false,false,0,147
7,7,30,false,false,0,157
7,8,30,false,false,0,141
7,9,30,false,true,0,154
7,10,30,false,false,0,151
7,11,30,false,true,0,146
7,12,30,false,false,0,143
7,13,30,false,true,0,140
7,14,30,false,false,0,155
7,15,30,false,false,0,153
7,16,30,false,true,0,142
7,17,30,false,true,0,158
7,18,30,false,true,0,150
7,19,30,false,false,0,145
7,20,30,false,false,1,4157
7,21,30,false,true,1,4150
7,22,30,false,true,1,4152
7,23,30,false,true,1,4140
7,24,30,false,false,1,4159
7,25,30,false,true,1,4144
7,26,30,false,false,1,4141
7,27,30,false,false,1,4149
7,28,30,false,false,1,4147
7,29,30,false,true,1,4148
7,30,30,false,false,1,4155
7,31,30,false,true,1,4142
7,32,30,false,true,1,4156
7,33,30,false,false,1,4145
7,34,30,false,true,1,4154
7,35,30,false,true,1,4146
7,36,30,false,true,1,4158
7,37,30,false,false,1,4143
7,38,30,false,false,1,4151
7,39,30,false,false,1,4153
7,40,30,false,false,2,8143
7,41,30,false,false,2,8151
7,42,30,false,true,2,8148
7,43,30,false,false,2,8159
7,44,30,false,false,2,8149
7,45,30,false,true,2,8156
7,46,30,false,false,2,8157
7,47,30,false,true,2,8150
7,48,30,false,true,2,8152
7,49,30,false,true,2,8146
7,50,30,false,false,2,8147
7,51,30,false,false,2,8155
7,52,30,false,false,2,8145
7,53,30,false,true,2,8144
7,54,30,false,false,2,8141
7,55,30,false,true,2,8158
7,56,30,false,false,2,8153
7,57,30,false,true,2,8140
7,58,30,false,true,2,8142
7,59,30,false,true,2,8154
8,0,30,false,true,0,162
8,1,30,false,false,0,171
8,2,30,false,true,0,176
8,3,30,false,true,0,172
8,4,30,false,false,0,175
8,5,30,false,true,0,164
8,6,30,false,false,0,167
8,7,30,false,false,0,169
8,8,30,false,true,0,170
8,9,30,false,true,0,160
8,10,30,false,false,0,165
8,11,30,false,false,0,161
8,12,30,false,false,0,163
8,13,30,false,true,0,168
8,14,30,false,false,0,173
8,15,30,false,false,0,179
8,16,30,false,true,0,174
8,17,30,false,false,0,177
8,18,30,false,true,0,178
8,19,30,false,true,0,166
8,20,30,false,false,1,4161
8,21,30,false,true,1,4168
8,22,30,false,false,1,4177
8,23,30,false,true,1,4174
8,24,30,false,false,1,4175
8,25,30,false,false,1,4165
8,26,30,false,true,1,4172
8,27,30,false,true,1,4164
8,28,30,false,true,1,4160
8,29,30,false,false,1,4163
8,30,30,false,false,1,4179
8,31,30,false,false,1,4173
8,32,30,false,false,1,4171
8,33,30,false,false,1,4169
8,34,30,false,true,1,4178
8,35,30,false,true,1,4166
8,36,30,false,true,1,4170
8,37,30,false,true,1,4176
8,38,30,false,false,1,4167
8,39,30,false,true,1,4162
8,40,30,false,true,2,8162
8,41,30,false,false,2,8163
8,42,30,false,false,2,8161
8,43,30,false,false,2,8167
8,44,30,false,false,2,8177
8,45,30,false,true,2,8166
8,46,30,false,true,2,8160
8,47,30,false,true,2,8174
8,48,30,false,true,2,8164
8,49,30,false,false,2,8175
8,50,30,false,false,2,8171
8,51,30,false,false,2,8179
8,52,30,false,true,2,8168
8,53,30,false,true,2,8172
8,54,30,false,false,2,8169
8,55,30,false,true,2,8178
8,56,30,false,true,2,8170
8,57,30,false,false,2,8165
8,58,30,false,false,2,8173
8,59,30,false,true,2,8176
9,0,30,false,false,0,189
9,1,30,false,false,0,199
9,2,30,false,true,0,180
9,3,30,false,true,0,198
9,4,30,false,false,0,185
9,5,30,false,false,0,195
9,6,30,false,true,0,188
9,7,30,false,true,0,182
9,8,30,false,true,0,186
9,9,30,false,true,0,196
9,10,30,false,true,0,192
9,11,30,false,false,0,197
9,12,30,false,true,0,194
9,13,30,false,false,0,191
9,14,30,false,false,0,183
9,15,30,false,false,0,187
9,16,30,false,true,0,184
9,17,30,false,false,0,181
9,18,30,false,false,0,193
9,19,30,false,true,0,190
9,20,30,false,true,1,4192
9,21,30,false,false,1,4185
9,22,30,false,false,1,4181
9,23,30,false,true,1,4184
9,24,30,false,true,1,4182
9,25,30,false,false,1,4197
9,26,30,false,false,1,4189
9,27,30,false,true,1,4194
9,28,30,false,true,1,4196
9,29,30,false,false,1,4193
9,30,30,false,true,1,4198
9,31,30,false,false,1,4183
9,32,30,false,false,1,4199
9,33,30,false,true,1,4180
9,34,30,false,true,1,4188
9,35,30,false,false,1,4191
9,36,30,false,false,1,4187
9,37,30,false,true,1,4186
9,38,30,false,true,1,4190
9,39,30,false,false,1,4195
9,40,30,false,true,2,8190
9,41,30,false,true,2,8188
9,42,30,false,true,2,8196
9,43,30,false,false,2,8183
9,44,30,false,true,2,8186
9,45,30,false,false,2,8181
9,46,30,false,false,2,8189
9,47,30,false,true,2,8192
9,48,30,false,true,2,8180
9,49,30,false,false,2,8197
9,50,30,false,true,2,8198
9,51,30,false,true,2,8184
9,52,30,false,true,2,8182
9,53,30,false,false,2,8195
9,54,30,false,false,2,8187
9,55,30,false,false,2,8199
9,56,30,false,false,2,8191
9,57,30,false,true,2,8194
9,58,30,false,false,2,8193
9,59,30,false,false,2,8185
10,0,30,false,false,0,207
10,1,30,false,false,0,211
10,2,30,false,true,0,208
10,3,30,false,true,0,216
10,4,30,false,false,0,213
10,5,30,false,false,0,201
10,6,30,false,true,0,218
10,7,30,false,true,0,214
10,8,30,false,false,0,217
10,9,30,false,true,0,212
10,10,30,false,true,0,210
10,11,30,false,true,0,206
10,12,30,false,true,0,200
10,13,30,false,false,0,209
10,14,30,false,false,0,219
10,15,30,false,false,0,215
10,16,30,false,false,0,203
10,17,30,false,true,0,202
10,18,30,false,true,0,204
10,19,30,false,false,0,205
10,20,30,false,false,1,4215
10,21,30,false,false,1,4207
10,22,30,false,true,1,4214
10,23,30,false,true,1,4208
10,24,30,false,true,1,4210
10,25,30,false,true,1,4202
10,26,30,false,true,1,4212
10,27,30,false,false,1,4219
10,28,30,false,false,1,4201
10,29,30,false,false,1,4211
10,30,30,false,true,1,4200
10,31,30,false,true,1,4216
10,32,30,false,false,1,4203
10,33,30,false,false,1,4205
10,34,30,false,true,1,4204
10,35,30,false,true,1,4218
10,36,30,false,false,1,4209
10,37,30,false,false,1,4217
10,38,30,false,true,1,4206
10,39,30,false,false,1,4213
10,40,30,false,true,2,8206
10,41,30,false,true,2,8208
10,42,30,false,false,2,8205
10,43,30,false,false,2,8203
10,44,30,false,true,2,8200
10,45,30,false,true,2,8212
10,46,30,false,true,2,8218
10,47,30,false,false,2,8207
10,48,30,false,false,2,8213
10,49,30,false,false,2,8209
10,50,30,false,false,2,8215
10,51,30,false,false,2,8219
10,52,30,false,true,2,8204
10,53,30,false,true,2,8216
10,54,30,false,false,2,8201
10,55,30,false,false,2,8211
10,56,30,false,true,2,8202
10,57,30,false,false,2,8217
10,58,30,false,true,2,8210
10,59,30,false,true,2,8214
11,0,30,false,true,0,230
11,1,30,false,false,0,237
11,2,30,false,false,0,235
11,3,30,false,false,0,221
11,4,30,false,false,0,225
11,5,30,false,false,0,233
11,6,30,false,true,0,234
11,7,30,false,true,0,232
11,8,30,false,true,0,222
11,9,30,false,false,0,231
11,10,30,false,true,0,228
11,11,30,false,false,0,229
11,12,30,false,false,0,227
11,13,30,false,true,0,238
11,14,30,false,true,0,226
11,15,30,false,false,0,239
11,16,30,false,true,0,220
11,17,30,false,false,0,223
11,18,30,false,true,0,224
11,19,30,false,true,0,236
11,20,30,false,false,1,4229
11,21,30,false,false,1,4233
11,22,30,false,true,1,4228
11,23,30,false,true,1,4226
11,24,30,false,false,1,4235
11,25,30,false,true,1,4220
11,26,30,false,true,1,4232
11,27,30,false,true,1,4236
11,28,30,false,true,1,4230
11,29,30,false,false,1,4223
11,30,30,false,false,1,4231
11,31,30,false,true,1,4238
11,32,30,false,true,1,4222
11,33,30,false,false,1,4227
11,34,30,false,false,1,4221
11,35,30,false,false,1,4225
11,36,30,false,false,1,4239
11,37,30,false,true,1,4234
11,38,30,false,true,1,4224
11,39,30,false,false,1,4237
11,40,30,false,true,2,8230
11,41,30,false,false,2,8237
11,42,30,false,false,2,8229
11,43,30,false,true,2,8226
11,44,30,false,true,2,8228
11,45,30,false,false,2,8235
11,46,30,false,false,2,8223
11,47,30,false,true,2,8224
11,48,30,false,false,2,8233
11,49,30,false,true,2,8234
11,50,30,false,true,2,8238
11,51,30,false,true,2,8232
11,52,30,false,false,2,8221
11,53,30,false,false,2,8227
11,54,30,false,false,2,8225
11,55,30,false,false,2,8231
11,56,30,false,true,2,8220
11,57,30,false,true,2,8222
11,58,30,false,true,2,8236
11,59,30,false,false,2,8239
12,0,30,false,true,0,244
12,1,30,false,false,0,249
12,2,30,false,false,0,243
12,3,30,false,true,0,258
12,4,30,false,true,0,250
12,5,30,false,false,0,247
12,6,30,false,true,0,240
12,7,30,false,false,0,253
12,8,30,false,true,0,254
12,9,30,false,true,0,256
12,10,30,false,true,0,242
12,11,30,false,false,0,245
12,12,30,false,false,0,251
12,13,30,false,true,0,248
12,14,30,false,true,0,246
12,15,30,false,false,0,255
12,16,30,false,true,0,252
12,17,30,false,false,0,259
12,18,30,false,false,0,257
12,19,30,false,false,0,241
12,20,30,false,true,1,4256
12,21,30,false,false,1,4253
12,22,30,false,false,1,4251
12,23,30,false,false,1,4241
12,24,30,false,false,1,4249
12,25,30,false,false,1,4257
12,26,30,false,true,1,4240
12,27,30,false,true,1,4244
12,28,30,false,false,1,4247
12,29,30,false,true,1,4250
12,30,30,false,true,1,4242
12,31,30,false,false,1,4243
12,32,30,false,true,1,4252
12,33,30,false,true,1,4258
12,34,30,false,false,1,4255
12,35,30,false,true,1,4254
12,36,30,false,true,1,4246
12,37,30,false,false,1,4259
12,38,30,false,true,1,4248
12,39,30,false,false,1,4245
12,40,30,false,false,2,8259
12,41,30,false,false,2,8253
12,42,30,false,false,2,8249
12,43,30,false,true,2,8256
12,44,30,false,true,2,8252
12,45,30,false,true,2,8244
12,46,30,false,false,2,8251
12,47,30,false,true,2,8246
12,48,30,false,false,2,8245
12,49,30,false,false,2,8255
12,50,30,false,true,2,8254
12,51,30,false,true,2,8258
12,52,30,false,true,2,8242
12,53,30,false,false,2,8243
12,54,30,false,true,2,8248
12,55,30,false,false,2,8257
12,56,30,false,true,2,8240
12,57,30,false,false,2,8247
12,58,30,false,false,2,8241
12,59,30,false,true,2,8250
13,0,30,false,true,0,272
13,1,30,false,false,0,269
13,2,30,false,false,0,265
13,3,30,false,false,0,261
13,4,30,false,false,0,273
13,5,30,false,true,0,274
13,6,30,false,true,0,268
13,7,30,false,false,0,275
13,8,30,false,true,0,270
13,9,30,false,true,0,262
13,10,30,false,false,0,279
13,11,30,false,true,0,264
13,12,30,false,true,0,260
13,13,30,false,true,0,266
13,14,30,false,true,0,276
13,15,30,false,false,0,271
13,16,30,false,true,0,278
13,17,30,false,false,0,267
13,18,30,false,false,0,263
13,19,30,false,false,0,277
13,20,30,false,false,1,4275
13,21,30,false,true,1,4260
13,22,30,false,false,1,4273
13,23,30,false,false,1,4265
13,24,30,false,false,1,4261
13,25,30,false,false,1,4277
13,26,30,false,true,1,4274
13,27,30,false,true,1,4268
13,28,30,false,true,1,4266
13,29,30,false,false,1,4279
13,30,30,false,false,1,4263
13,31,30,false,true,1,4264
13,32,30,false,true,1,4278
13,33,30,false,true,1,4276
13,34,30,false,true,1,4272
13,35,30,false,false,1,4269
13,36,30,false,true,1,4270
13,37,30,false,false,1,4267
13,38,30,false,false,1,4271
13,39,30,false,true,1,4262
13,40,30,false,true,2,8270
13,41,30,false,true,2,8274
13,42,30,false,false,2,8273
13,43,30,false,true,2,8262
13,44,30,false,false,2,8263
13,45,30,false,true,2,8278
13,46,30,false,true,2,8276
13,47,30,false,true,2,8260
13,48,30,false,true,2,8272
13,49,30,false,false,2,8279
13,50,30,false,false,2,8267
13,51,30,false,true,2,8268
13,52,30,false,false,2,8271
13,53,30,false,false,2,8269
13,54,30,false,false,2,8275
13,55,30,false,false,2,8261
13,56,30,false,true,2,8264
13,57,30,false,false,2,8277
13,58,30,false,true,2,8266
13,59,30,false,false,2,8265
14,0,30,false,false,0,295
14,1,30,false,true,0,290
14,2,30,false,true,0,280
14,3,30,false,true,0,282
14,4,30,false,false,0,297
14,5,30,false,false,0,299
14,6,30,false,false,0,289
14,7,30,false,true,0,296
14,8,30,false,true,0,286
14,9,30,false,true,0,288
14,10,30,false,true,0,292
14,11,30,false,true,0,284
14,12,30,false,false,0,283
14,13,30,false,false,0,293
14,14,30,false,false,0,287
14,15,30,false,true,0,294
14,16,30,false,false,0,291
14,17,30,false,false,0,285
14,18,30,false,false,0,281
14,19,30,false,true,0,298
14,20,30,false,true,1,4292
14,21,30,false,true,1,4280
14,22,30,false,true,1,4296
14,23,30,false,false,1,4299
14,24,30,false,false,1,4295
14,25,30,false,true,1,4282
14,26,30,false,true,1,4286
14,27,30,false,false,1,4285
14,28,30,false,true,1,4290
14,29,30,false,false,1,4291
14,30,30,false,false,1,4297
14,31,30,false,false,1,4289
14,32,30,false,true,1,4284
14,33,30,false,false,1,4287
14,34,30,false,true,1,4294
14,35,30,false,false,1,4283
14,36,30,false,false,1,4293
14,37,30,false,true,1,4298
14,38,30,false,true,1,4288
14,39,30,false,false,1,4281
14,40,30,false,true,2,8292
14,41,30,false,false,2,8289
14,42,30,false,true,2,8288
14,43,30,false,true,2,8282
14,44,30,false,true,2,8298
14,45,30,false,false,2,8281
14,46,30,false,false,2,8285
14,47,30,false,true,2,8294
14,48,30,false,true,2,8286
14,49,30,false,true,2,8290
14,50,30,false,false,2,8287
14,51,30,false,false,2,8295
14,52,30,false,true,2,8284
14,53,30,false,false,2,8283
14,54,30,false,true,2,8296
14,55,30,false,false,2,8299
14,56,30,false,false,2,8291
14,57,30,false,true,2,8280
14,58,30,false,false,2,8297
14,59,30,false,false,2,8293
15,0,30,false,true,0,300
15,1,30,false,true,0,316
15,2,30,false,false,0,317
15,3,30,false,false,0,311
15,4,30,false,false,0,309
15,5,30,false,true,0,310
15,6,30,false,false,0,307
15,7,30,false,false,0,315
15,8,30,false,true,0,312
15,9,30,false,true,0,314
15,10,30,false,false,0,319
15,11,30,false,true,0,302
15,12,30,false,true,0,306
15,13,30,false,false,0,313
15,14,30,false,true,0,308
15,15,30,false,false,0,301
15,16,30,false,true,0,304
15,17,30,false,false,0,305
15,18,30,false,false,0,303
15,19,30,false,true,0,318
15,20,30,false,false,1,4309
15,21,30,false,false,1,4307
15,22,30,false,false,1,4313
15,23,30,false,true,1,4310
15,24,30,false,false,1,4305
15,25,30,false,false,1,4303
15,26,30,false,false,1,4301
15,27,30,false,true,1,4306
15,28,30,false,true,1,4302
15,29,30,false,true,1,4300
15,30,30,false,true,1,4312
15,31,30,false,false,1,4315
15,32,30,false,true,1,4304
15,33,30,false,true,1,4308
15,34,30,false,true,1,4318
15,35,30,false,false,1,4319
15,36,30,false,false,1,4317
15,37,30,false,true,1,4314
15,38,30,false,true,1,4316
15,39,30,false,false,1,4311
15,40,30,false,false,2,8307
15,41,30,false,false,2,8309
15,42,30,false,false,2,8305
15,43,30,false,true,2,8302
15,44,30,false,false,2,8319
15,45,30,false,false,2,8301
15,46,30,false,false,2,8317
15,47,30,false,false,2,8311
15,48,30,false,true,2,8300
15,49,30,false,true,2,8308
15,50,30,false,false,2,8315
15,51,30,false,true,2,8310
15,52,30,false,true,2,8314
15,53,30,false,true,2,8306
15,54,30,false,false,2,8303
15,55,30,false,true,2,8312
15,56,30,false,true,2,8318
15,57,30,false,false,2,8313
15,58,30,false,true,2,8316
15,59,30,false,true,2,8304
16,0,30,false,false,0,323
16,1,30,false,true,0,330
16,2,30,false,false,0,329
16,3,30,false,false,0,339
16,4,30,false,true,0,320
16,5,30,false,true,0,326
16,6,30,false,false,0,321
16,7,30,false,true,0,328
16,8,30,false,false,0,325
16,9,30,false,false,0,333
16,10,30,false,true,0,334
16,11,30,false,true,0,322
16,12,30,false,false,0,331
16,13,30,false,true,0,332
16,14,30,false,true,0,324
16,15,30,false,false,0,337
16,16,30,false,false,0,335
16,17,30,false,true,0,336
16,18,30,false,true,0,338
16,19,30,false,false,0,327
16,20,30,false,false,1,4339
16,21,30,false,true,1,4336
16,22,30,false,false,1,4335
16,23,30,false,false,1,4337
16,24,30,false,false,1,4323
16,25,30,false,false,1,4331
16,26,30,false,true,1,4320
16,27,30,false,true,1,4330
16,28,30,false,false,1,4321
16,29,30,false,false,1,4327
16,30,30,false,false,1,4329
16,31,30,false,false,1,4333
16,32,30,false,true,1,4332
16,33,30,false,true,1,4328
16,34,30,false,true,1,4324
16,35,30,false,true,1,4338
16,36,30,false,true,1,4334
16,37,30,false,false,1,4325
16,38,30,false,true,1,4326
16,39,30,false,true,1,4322
16,40,30,false,true,2,8330
16,41,30,false,false,2,8339
16,42,30,false,false,2,8323
16,43,30,false,false,2,8335
16,44,30,false,true,2,8338
16,45,30,false,true,2,8332
16,46,30,false,false,2,8331
16,47,30,false,true,2,8320
16,48,30,false,true,2,8328
16,49,30,false,false,2,8327
16,50,30,false,false,2,8321
16,51,30,false,false,2,8333
16,52,30,false,true,2,8324
16,53,30,false,true,2,8336
16,54,30,false,true,2,8334
16,55,30,false,false,2,8325
16,56,30,false,false,2,8337
16,57,30,false,false,2,8329
16,58,30,false,true,2,8326
16,59,30,false,true,2,8322
17,0,30,false,true,0,342
17,1,30,false,false,0,353
17,2,30,false,true,0,352
17,3,30,false,true,0,344
17,4,30,false,false,0,345
17,5,30,false,false,0,347
17,6,30,false,true,0,348
17,7,30,false,false,0,343
17,8,30,false,false,0,349
17,9,30,false,false,0,351
17,10,30,false,false,0,359
17,11,30,false,false,0,341
17,12,30,false,true,0,350
17,13,30,false,true,0,356
17,14,30,false,true,0,358
17,15,30,false,false,0,357
17,16,30,false,true,0,346
17,17,30,false,true,0,340
17,18,30,false,false,0,355
17,19,30,false,true,0,354
17,20,30,false,false,1,4359
17,21,30,false,true,1,4344
17,22,30,false,false,1,4355
17,23,30,false,false,1,4343
17,24,30,false,false,1,4351
17,25,30,false,false,1,4353
17,26,30,false,true,1,4346
17,27,30,false,true,1,4350
17,28,30,false,true,1,4358
17,29,30,false,true,1,4342
17,30,30,false,true,1,4348
17,31,30,false,false,1,4349
17,32,30,false,false,1,4345
17,33,30,false,true,1,4356
17,34,30,false,true,1,4340
17,35,30,false,false,1,4347
17,36,30,false,true,1,4354
17,37,30,false,false,1,4341
17,38,30,false,false,1,4357
17,39,30,false,true,1,4352
17,40,30,false,false,2,8357
17,41,30,false,true,2,8344
17,42,30,false,true,2,8352
17,43,30,false,true,2,8348
17,44,30,false,false,2,8355
17,45,30,false,true,2,8346
17,46,30,false,false,2,8341
17,47,30,false,false,2,8351
17,48,30,false,false,2,8347
17,49,30,false,true,2,8354
17,50,30,false,false,2,8349
17,51,30,false,true,2,8350
17,52,30,false,false,2,8345
17,53,30,false,true,2,8340
17,54,30,false,true,2,8356
17,55,30,false,true,2,8342
17,56,30,false,false,2,8353
17,57,30,false,false,2,8343
17,58,30,false,true,2,8358
17,59,30,false,false,2,8359
18,0,30,false,false,0,361
18,1,30,false,false,0,377
18,2,30,false,true,0,364
18,3,30,false,true,0,366
18,4,30,false,false,0,373
18,5,30,false,true,0,368
18,6,30,false,true,0,374
18,7,30,false,false,0,379
18,8,30,false,true,0,370
18,9,30,false,false,0,365
18,10,30,false,false,0,367
18,11,30,false,false,0,363
18,12,30,false,false,0,369
18,13,30,false,true,0,378
18,14,30,false,true,0,372
18,15,30,false,false,0,371
18,16,30,false,true,0,376
18,17,30,false,true,0,360
18,18,30,false,false,0,375
18,19,30,false,true,0,362
18,20,30,false,true,1,4376
18,21,30,false,false,1,4363
18,22,30,false,false,1,4361
18,23,30,false,true,1,4366
18,24,30,false,false,1,4369
18,25,30,false,true,1,4368
18,26,30,false,false,1,4371
18,27,30,false,true,1,4370
18,28,30,false,true,1,4362
18,29,30,false,true,1,4378
18,30,30,false,false,1,4375
18,31,30,false,true,1,4364
18,32,30,false,false,1,4379
18,33,30,false,false,1,4373
18,34,30,false,false,1,4367
18,35,30,false,true,1,4360
18,36,30,false,true,1,4374
18,37,30,false,true,1,4372
18,38,30,false,false,1,4377
18,39,30,false,false,1,4365
18,40,30,false,true,2,8376
18,41,30,false,true,2,8362
18,42,30,false,false,2,8373
18,43,30,false,true,2,8370
18,44,30,false,true,2,8364
18,45,30,false,false,2,8377
18,46,30,false,false,2,8375
18,47,30,false,true,2,8378
18,48,30,false,true,2,8374
18,49,30,false,false,2,8369
18,50,30,false,true,2,8372
18,51,30,false,true,2,8360
18,52,30,false,false,2,8363
18,53,30,false,true,2,8366
18,54,30,false,false,2,8365
18,55,30,false,false,2,8367
18,56,30,false,false,2,8361
18,57,30,false,false,2,8379
18,58,30,false,false,2,8371
18,59,30,false,true,2,8368
19,0,30,false,true,0,392
19,1,30,false,false,0,397
19,2,30,false,true,0,386
19,3,30,false,false,0,395
19,4,30,false,true,0,398
19,5,30,false,false,0,381
19,6,30,false,false,0,389
19,7,30,false,false,0,387
19,8,30,false,true,0,396
19,9,30,false,true,0,390
19,10,30,false,true,0,384
19,11,30,false,true,0,388
19,12,30,false,false,0,385
19,13,30,false,true,0,380
19,14,30,false,false,0,383
19,15,30,false,false,0,393
19,16,30,false,false,0,399
19,17,30,false,true,0,394
19,18,30,false,true,0,382
19,19,30,false,false,0,391
19,20,30,false,false,1,4393
19,21,30,false,true,1,4398
19,22,30,false,false,1,4391
19,23,30,false,false,1,4397
19,24,30,false,false,1,4395
19,25,30,false,true,1,4390
19,26,30,false,false,1,4389
19,27,30,false,true,1,4384
19,28,30,false,true,1,4394
19,29,30,false,false,1,4387
19,30,30,false,false,1,4399
19,31,30,false,true,1,4388
19,32,30,false,true,1,4392
19,33,30,false,false,1,4383
19,34,30,false,true,1,4382
19,35,30,false,true,1,4386
19,36,30,false,false,1,4385
19,37,30,false,true,1,4380
19,38,30,false,false,1,4381
19,39,30,false,true,1,4396
19,40,30,false,true,2,8396
19,41,30,false,false,2,8385
19,42,30,false,false,2,8395
19,43,30,false,true,2,8388
19,44,30,false,true,2,8384
19,45,30,false,true,2,8392
19,46,30,false,false,2,8381
19,47,30,false,false,2,8393
19,48,30,false,true,2,8382
19,49,30,false,false,2,8397
19,50,30,false,false,2,8387
19,51,30,false,true,2,8380
19,52,30,false,true,2,8394
19,53,30,false,true,2,8386
19,54,30,false,false,2,8391
19,55,30,false,false,2,8383
19,56,30,false,true,2,8398
19,57,30,false,false,2,8389
19,58,30,false,true,2,8390
19,59,30,false,false,2,8399
20,0,30,false,false,0,409
20,1,30,false,true,0,410
20,2,30,false,false,0,411
20,3,30,false,true,0,408
20,4,30,false,true,0,402
20,5,30,false,false,0,407
20,6,30,false,false,0,419
20,7,30,false,false,0,417
20,8,30,false,true,0,404
20,9,30,false,false,0,405
20,10,30,false,true,0,412
20,11,30,false,false,0,415
20,12,30,false,true,0,416
20,13,30,false,true,0,400
20,14,30,false,false,0,401
20,15,30,false,true,0,414
20,16,30,false,false,0,403
20,17,30,false,false,0,413
20,18,30,false,true,0,406
20,19,30,false,true,0,418
20,20,30,false,false,1,4409
20,21,30,false,true,1,4406
20,22,30,false,false,1,4417
20,23,30,false,true,1,4402
20,24,30,false,false,1,4419
20,25,30,false,true,1,4414
20,26,30,false,true,1,4412
20,27,30,false,false,1,4403
20,28,30,false,false,1,4405
20,29,30,false,false,1,4411
20,30,30,false,false,1,4407
20,31,30,false,true,1,4416
20,32,30,false,true,1,4400
20,33,30,false,false,1,4413
20,34,30,false,true,1,4410
20,35,30,false,true,1,4418
20,36,30,false,true,1,4404
20,37,30,false,false,1,4415
20,38,30,false,false,1,4401
20,39,30,false,true,1,4408
20,40,30,false,true,2,8416
20,41,30,false,false,2,8403
20,42,30,false,false,2,8409
20,43,30,false,true,2,8402
20,44,30,false,true,2,8404
20,45,30,false,true,2,8412
20,46,30,false,false,2,8413
20,47,30,false,true,2,8400
20,48,30,false,true,2,8414
20,49,30,false,false,2,8401
20,50,30,false,true,2,8408
20,51,30,false,false,2,8415
20,52,30,false,false,2,8407
20,53,30,false,false,2,8405
20,54,30,false,false,2,8417
20,55,30,false,false,2,8419
20,56,30,false,true,2,8418
20,57,30,false,false,2,8411
20,58,30,false,true,2,8406
20,59,30,false,true,2,8410
21,0,30,false,false,0,425
21,1,30,false,false,0,435
21,2,30,false,false,0,423
21,3,30,false,false,0,427
21,4,30,false,true,0,434
21,5,30,false,true,0,428
21,6,30,false,false,0,433
21,7,30,false,true,0,422
21,8,30,false,false,0,421
21,9,30,false,true,0,426
21,10,30,false,false,0,439
21,11,30,false,true,0,424
21,12,30,false,true,0,432
21,13,30,false,true,0,430
21,14,30,false,false,0,431
21,15,30,false,true,0,420
21,16,30,false,false,0,437
21,17,30,false,true,0,436
21,18,30,false,true,0,438
21,19,30,false,false,0,429
21,20,30,false,false,1,4425
21,21,30,false,false,1,4429
21,22,30,false,true,1,4432
21,23,30,false,false,1,4421
21,24,30,false,false,1,4433
21,25,30,false,false,1,4431
21,26,30,false,false,1,4439
21,27,30,false,true,1,4428
21,28,30,false,true,1,4424
21,29,30,false,false,1,4427
21,30,30,false,true,1,4426
21,31,30,false,true,1,4436
21,32,30,false,false,1,4435
21,33,30,false,true,1,4430
21,34,30,false,true,1,4420
21,35,30,false,true,1,4438
21,36,30,false,false,1,4437
21,37,30,false,true,1,4434
21,38,30,false,false,1,4423
21,39,30,false,true,1,4422
21,40,30,false,false,2,8431
21,41,30,false,true,2,8432
21,42,30,false,true,2,8426
21,43,30,false,true,2,8420
21,44,30,false,true,2,8438
21,45,30,false,false,2,8423
21,46,30,false,false,2,8427
21,47,30,false,true,2,8424
21,48,30,false,false,2,8439
21,49,30,false,true,2,8430
21,50,30,false,false,2,8437
21,51,30,false,true,2,8428
21,52,30,false,false,2,8429
21,53,30,false,true,2,8436
21,54,30,false,false,2,8425
21,55,30,false,true,2,8422
21,56,30,false,false,2,8421
21,57,30,false,false,2,8435
21,58,30,false,false,2,8433
21,59,30,false,true,2,8434
22,0,30,false,true,0,450
22,1,30,false,true,0,444
22,2,30,false,true,0,456
22,3,30,false,false,0,443
22,4,30,false,true,0,440
22,5,30,false,true,0,454
22,6,30,false,false,0,445
22,7,30,false,false,0,447
22,8,30,false,true,0,448
22,9,30,false,false,0,441
22,10,30,false,false,0,451
22,11,30,false,false,0,457
22,12,30,false,true,0,452
22,13,30,false,false,0,455
22,14,30,false,true,0,458
22,15,30,false,false,0,453
22,16,30,false,false,0,459
22,17,30,false,true,0,442
22,18,30,false,true,0,446
22,19,30,false,false,0,449
22,20,30,false,false,1,4445
22,21,30,false,true,1,4442
22,22,30,false,true,1,4444
22,23,30,false,true,1,4450
22,24,30,false,true,1,4458
22,25,30,false,false,1,4453
22,26,30,false,false,1,4451
22,27,30,false,false,1,4443
22,28,30,false,false,1,4455
22,29,30,false,false,1,4441
22,30,30,false,false,1,4447
22,31,30,false,false,1,4449
22,32,30,false,true,1,4454
22,33,30,false,true,1,4456
22,34,30,false,true,1,4446
22,35,30,false,true,1,4440
22,36,30,false,false,1,4457
22,37,30,false,true,1,4448
22,38,30,false,false,1,4459
22,39,30,false,true,1,4452
22,40,30,false,false,2,8451
22,41,30,false,true,2,8452
22,42,30,false,false,2,8443
22,43,30,false,true,2,8444
22,44,30,false,true,2,8450
22,45,30,false,false,2,8441
22,46,30,false,true,2,8446
22,47,30,false,false,2,8445
22,48,30,false,false,2,8455
22,49,30,false,false,2,8459
22,50,30,false,false,2,8447
22,51,30,false,true,2,8442
22,52,30,false,true,2,8454
22,53,30,false,true,2,8440
22,54,30,false,true,2,8456
22,55,30,false,true,2,8448
22,56,30,false,false,2,8457
22,57,30,false,false,2,8453
22,58,30,false,false,2,8449
22,59,30,false,true,2,8458
23,0,30,false,true,0,476
23,1,30,false,false,0,473
23,2,30,false,true,0,474
23,3,30,false,false,0,461
23,4,30,false,true,0,472
23,5,30,false,false,0,465
23,6,30,false,false,0,463
23,7,30,false,false,0,479
23,8,30,false,true,0,462
23,9,30,false,true,0,478
23,10,30,false,true,0,460
23,11,30,false,true,0,470
23,12,30,false,false,0,467
23,13,30,false,false,0,471
23,14,30,false,false,0,475
23,15,30,false,false,0,469
23,16,30,false,true,0,464
23,17,30,false,true,0,466
23,18,30,false,true,0,468
23,19,30,false,false,0,477
23,20,30,false,true,1,4474
23,21,30,false,true,1,4472
23,22,30,false,false,1,4465
23,23,30,false,true,1,4466
23,24,30,false,true,1,4464
23,25,30,false,false,1,4479
23,26,30,false,false,1,4471
23,27,30,false,false,1,4477
23,28,30,false,true,1,4470
23,29,30,false,false,1,4469
23,30,30,false,true,1,4476
23,31,30,false,true,1,4478
23,32,30,false,false,1,4473
23,33,30,false,true,1,4462
23,34,30,false,true,1,4460
23,35,30,false,false,1,4467
23,36,30,false,false,1,4461
23,37,30,false,false,1,4475
23,38,30,false,true,1,4468
23,39,30,false,false,1,4463
23,40,30,false,true,2,8470
23,41,30,false,false,2,8469
23,42,30,false,true,2,8472
23,43,30,false,false,2,8465
23,44,30,false,true,2,8478
23,45,30,false,true,2,8460
23,46,30,false,true,2,8474
23,47,30,false,false,2,8479
23,48,30,false,false,2,8461
23,49,30,false,false,2,8477
23,50,30,false,true,2,8468
23,51,30,false,true,2,8462
23,52,30,false,true,2,8476
23,53,30,false,false,2,8473
23,54,30,false,false,2,8467
23,55,30,false,false,2,8471
23,56,30,false,false,2,8475
23,57,30,false,true,2,8466
23,58,30,false,true,2,8464
23,59,30,false,false,2,8463
24,0,30,false,true,0,486
24,1,30,false,false,0,489
24,2,30,false,false,0,487
24,3,30,false,false,0,493
24,4,30,false,false,0,499
24,5,30,false,true,0,484
24,6,30,false,true,0,498
24,7,30,false,false,0,481
24,8,30,false,true,0,490
24,9,30,false,false,0,495
24,10,30,false,true,0,494
24,11,30,false,false,0,491
24,12,30,false,false,0,497
24,13,30,false,true,0,492
24,14,30,false,true,0,488
24,15,30,false,true,0,482
24,16,30,false,false,0,483
24,17,30,false,false,0,485
24,18,30,false,true,0,480
24,19,30,false,true,0,496
24,20,30,false,true,1,4492
24,21,30,false,false,1,4483
24,22,30,false,true,1,4490
24,23,30,false,false,1,4495
24,24,30,false,false,1,4481
24,25,30,false,false,1,4487
24,26,30,false,true,1,4498
24,27,30,false,false,1,4497
24,28,30,false,false,1,4485
24,29,30,false,false,1,4491
24,30,30,false,true,1,4482
24,31,30,false,true,1,4488
24,32,30,false,false,1,4493
24,33,30,false,true,1,4484
24,34,30,false,false,1,4499
24,35,30,false,true,1,4486
24,36,30,false,false,1,4489
24,37,30,false,true,1,4480
24,38,30,false,true,1,4496
24,39,30,false,true,1,4494
24,40,30,false,false,2,8495
24,41,30,false,true,2,8480
24,42,30,false,true,2,8488
24,43,30,false,true,2,8492
24,44,30,false,false,2,8489
24,45,30,false,true,2,8490
24,46,30,false,false,2,8499
24,47,30,false,true,2,8498
24,48,30,false,false,2,8487
24,49,30,false,true,2,8486
24,50,30,false,true,2,8496
24,51,30,false,true,2,8484
24,52,30,false,true,2,8494
24,53,30,false,false,2,8493
24,54,30,false,false,2,8497
24,55,30,false,false,2,8483
24,56,30,false,false,2,8481
24,57,30,false,true,2,8482
24,58,30,false,false,2,8491
24,59,30,false,false,2,8485
25,0,30,false,true,0,500
25,1,30,false,false,0,509
25,2,30,false,false,0,507
25,3,30,false,false,0,515
25,4,30,false,false,0,519
25,5,30,false,true,0,508
25,6,30,false,false,0,513
25,7,30,false,false,0,517
25,8,30,false,true,0,518
25,9,30,false,true,0,502
25,10,30,false,false,0,503
25,11,30,false,false,0,511
25,12,30,false,true,0,504
25,13,30,false,false,0,505
25,14,30,false,true,0,510
25,15,30,false,false,0,501
25,16,30,false,true,0,506
25,17,30,false,true,0,514
25,18,30,false,true,0,512
25,19,30,false,true,0,516
25,20,30,false,false,1,4505
25,21,30,false,false,1,4507
25,22,30,false,true,1,4504
25,23,30,false,true,1,4512
25,24,30,false,true,1,4506
25,25,30,false,false,1,4513
25,26,30,false,true,1,4508
25,27,30,false,false,1,4515
25,28,30,false,true,1,4500
25,29,30,false,false,1,4517
25,30,30,false,true,1,4502
25,31,30,false,false,1,4503
25,32,30,false,true,1,4518
25,33,30,false,false,1,4519
25,34,30,false,false,1,4501
25,35,30,false,true,1,4514
25,36,30,false,true,1,4516
25,37,30,false,false,1,4509
25,38,30,false,true,1,4510
25,39,30,false,false,1,4511
25,40,30,false,false,2,8509
25,41,30,false,true,2,8510
25,42,30,false,true,2,8502
25,43,30,false,false,2,8505
25,44,30,false,true,2,8506
25,45,30,false,true,2,8516
25,46,30,false,true,2,8504
25,47,30,false,true,2,8518
25,48,30,false,true,2,8508
25,49,30,false,true,2,8500
25,50,30,false,false,2,8515
25,51,30,false,true,2,8512
25,52,30,false,false,2,8503
25,53,30,false,false,2,8519
25,54,30,false,false,2,8517
25,55,30,false,false,2,8513
25,56,30,false,false,2,8507
25,57,30,false,false,2,8501
25,58,30,false,false,2,8511
25,59,30,false,true,2,8514
26,0,30,false,false,0,539
26,1,30,false,true,0,530
26,2,30,false,true,0,536
26,3,30,false,false,0,525
26,4,30,false,false,0,523
26,5,30,false,true,0,534
26,6,30,false,false,0,531
26,7,30,false,true,0,520
26,8,30,false,true,0,528
26,9,30,false,false,0,521
26,10,30,false,true,0,526
26,11,30,false,true,0,532
26,12,30,false,false,0,529
26,13,30,false,false,0,533
26,14,30,false,false,0,527
26,15,30,false,false,0,537
26,16,30,false,true,0,522
26,17,30,false,false,0,535
26,18,30,false,true,0,524
26,19,30,false,true,0,538
26,20,30,false,true,1,4524
26,21,30,false,true,1,4520
26,22,30,false,true,1,4538
26,23,30,false,true,1,4534
26,24,30,false,true,1,4526
26,25,30,false,false,1,4537
26,26,30,false,true,1,4532
26,27,30,false,false,1,4533
26,28,30,false,false,1,4527
26,29,30,false,false,1,4539
26,30,30,false,false,1,4521
26,31,30,false,true,1,4522
26,32,30,false,false,1,4523
26,33,30,false,true,1,4530
26,34,30,false,true,1,4528
26,35,30,false,false,1,4529
26,36,30,false,true,1,4536
26,37,30,false,false,1,4535
26,38,30,false,false,1,4531
26,39,30,false,false,1,4525
26,40,30,false,false,2,8539
26,41,30,false,true,2,8520
26,42,30,false,false,2,8521
26,43,30,false,true,2,8538
26,44,30,false,true,2,8530
26,45,30,false,true,2,8526
26,46,30,false,false,2,8535
26,47,30,false,true,2,8532
26,48,30,false,true,2,8534
26,49,30,false,true,2,8522
26,50,30,false,false,2,8537
26,51,30,false,true,2,8524
26,52,30,false,false,2,8531
26,53,30,false,false,2,8525
26,54,30,false,true,2,8528
26,55,30,false,false,2,8533
26,56,30,false,false,2,8523
26,57,30,false,false,2,8527
26,58,30,false,false,2,8529
26,59,30,false,true,2,8536
27,0,30,false,false,0,555
27,1,30,false,false,0,553
27,2,30,false,true,0,546
27,3,30,false,true,0,540
27,4,30,false,false,0,543
27,5,30,false,true,0,558
27,6,30,false,true,0,556
27,7,30,false,false,0,551
27,8,30,false,true,0,548
27,9,30,false,true,0,544
27,10,30,false,false,0,559
27,11,30,false,false,0,545
27,12,30,false,false,0,557
27,13,30,false,true,0,552
27,14,30,false,false,0,549
27,15,30,false,false,0,547
27,16,30,false,true,0,542
27,17,30,false,true,0,550
27,18,30,false,true,0,554
27,19,30,false,false,0,541
27,20,30,false,false,1,4547
27,21,30,false,false,1,4545
27,22,30,false,false,1,4549
27,23,30,false,true,1,4556
27,24,30,false,false,1,4555
27,25,30,false,true,1,4554
27,26,30,false,false,1,4551
27,27,30,false,false,1,4541
27,28,30,false,true,1,4550
27,29,30,false,false,1,4557
27,30,30,false,true,1,4546
27,31,30,false,true,1,4544
27,32,30,false,true,1,4542
27,33,30,false,true,1,4548
27,34,30,false,true,1,4540
27,35,30,false,true,1,4552
27,36,30,false,false,1,4559
27,37,30,false,false,1,4553
27,38,30,false,false,1,4543
27,39,30,false,true,1,4558
27,40,30,false,true,2,8556
27,41,30,false,false,2,8549
27,42,30,false,false,2,8551
27,43,30,false,false,2,8557
27,44,30,false,false,2,8543
27,45,30,false,true,2,8546
27,46,30,false,false,2,8553
27,47,30,false,false,2,8547
27,48,30,false,false,2,8559
27,49,30,false,true,2,8550
27,50,30,false,true,2,8548
27,51,30,false,true,2,8552
27,52,30,false,false,2,8541
27,53,30,false,true,2,8540
27,54,30,false,false,2,8555
27,55,30,false,true,2,8542
27,56,30,false,false,2,8545
27,57,30,false,true,2,8544
27,58,30,false,true,2,8554
27,59,30,false,true,2,8558
28,0,30,false,false,0,565
28,1,30,false,false,0,563
28,2,30,false,false,0,571
28,3,30,false,true,0,562
28,4,30,false,true,0,574
28,5,30,false,false,0,573
28,6,30,false,false,0,579
28,7,30,false,false,0,561
28,8,30,false,true,0,564
28,9,30,false,true,0,566
28,10,30,false,true,0,572
28,11,30,false,true,0,560
28,12,30,false,true,0,578
28,13,30,false,true,0,576
28,14,30,false,false,0,569
28,15,30,false,false,0,567
28,16,30,false,false,0,575
28,17,30,false,true,0,570
28,18,30,false,false,0,577
28,19,30,false,true,0,568
28,20,30,false,true,1,4574
28,21,30,false,true,1,4562
28,22,30,false,true,1,4572
28,23,30,false,true,1,4578
28,24,30,false,false,1,4563
28,25,30,false,true,1,4564
28,26,30,false,true,1,4576
28,27,30,false,false,1,4579
28,28,30,false,true,1,4566
28,29,30,false,true,1,4560
28,30,30,false,true,1,4570
28,31,30,false,false,1,4567
28,32,30,false,true,1,4568
28,33,30,false,false,1,4565
28,34,30,false,false,1,4573
28,35,30,false,false,1,4571
28,36,30,false,false,1,4575
28,37,30,false,false,1,4569
28,38,30,false,false,1,4577
28,39,30,false,false,1,4561
28,40,30,false,true,2,8566
28,41,30,false,true,2,8570
28,42,30,false,false,2,8571
28,43,30,false,true,2,8578
28,44,30,false,true,2,8560
28,45,30,false,false,2,8573
28,46,30,false,true,2,8574
28,47,30,false,true,2,8562
28,48,30,false,true,2,8572
28,49,30,false,false,2,8561
28,50,30,false,false,2,8577
28,51,30,false,false,2,8575
28,52,30,false,false,2,8567
28,53,30,false,false,2,8563
28,54,30,false,false,2,8565
28,55,30,false,true,2,8568
28,56,30,false,true,2,8564
28,57,30,false,true,2,8576
28,58,30,false,false,2,8569
28,59,30,false,false,2,8579
29,0,30,false,true,0,586
29,1,30,false,false,0,599
29,2,30,false,true,0,584
29,3,30,false,false,0,589
29,4,30,false,false,0,587
29,5,30,false,true,0,594
29,6,30,false,true,0,598
29,7,30,false,true,0,590
29,8,30,false,true,0,588
29,9,30,false,false,0,591
29,10,30,false,true,0,592
29,11,30,false,false,0,595
29,12,30,false,false,0,581
29,13,30,false,false,0,593
29,14,30,false,false,0,585
29,15,30,false,false,0,597
29,16,30,false,false,0,583
29,17,30,false,true,0,580
29,18,30,false,true,0,582
29,19,30,false,true,0,596
29,20,30,false,true,1,4594
29,21,30,false,false,1,4583
29,22,30,false,true,1,4598
29,23,30,false,true,1,4584
29,24,30,false,false,1,4595
29,25,30,false,false,1,4591
29,26,30,false,true,1,4580
29,27,30,false,false,1,4593
29,28,30,false,true,1,4588
29,29,30,false,true,1,4590
29,30,30,false,true,1,4586
29,31,30,false,true,1,4596
29,32,30,false,false,1,4589
29,33,30,false,true,1,4582
29,34,30,false,false,1,4599
29,35,30,false,false,1,4581
29,36,30,false,true,1,4592
29,37,30,false,false,1,4597
29,38,30,false,false,1,4585
29,39,30,false,false,1,4587
29,40,30,false,true,2,8590
29,41,30,false,true,2,8596
29,42,30,false,false,2,8583
29,43,30,false,false,2,8581
29,44,30,false,true,2,8584
29,45,30,false,true,2,8588
29,46,30,false,false,2,8599
29,47,30,false,true,2,8598
29,48,30,false,false,2,8595
29,49,30,false,false,2,8591
29,50,30,false,true,2,8594
29,51,30,false,true,2,8580
29,52,30,false,false,2,8585
29,53,30,false,true,2,8582
29,54,30,false,false,2,8597
29,55,30,false,false,2,8593
29,56,30,false,true,2,8586
29,57,30,false,false,2,8589
29,58,30,false,true,2,8592
29,59,30,false,false,2,8587
30,0,30,false,false,0,607
30,1,30,false,false,0,615
30,2,30,false,true,0,612
30,3,30,false,false,0,603
30,4,30,false,false,0,609
30,5,30,false,false,0,605
30,6,30,false,true,0,600
30,7,30,false,false,0,613
30,8,30,false,false,0,601
30,9,30,false,false,0,611
30,10,30,false,true,0,614
30,11,30,false,false,0,619
30,12,30,false,true,0,616
30,13,30,false,true,0,604
30,14,30,false,false,0,617
30,15,30,false,true,0,618
30,16,30,false,true,0,606
30,17,30,false,true,0,608
30,18,30,false,true,0,610
30,19,30,false,true,0,602
30,20,30,false,true,1,4612
30,21,30,false,false,1,4615
30,22,30,false,false,1,4609
30,23,30,false,false,1,4601
30,24,30,false,false,1,4607
30,25,30,false,true,1,4604
30,26,30,false,true,1,4602
30,27,30,false,true,1,4606
30,28,30,false,true,1,4618
30,29,30,false,true,1,4600
30,30,30,false,false,1,4619
30,31,30,false,false,1,4611
30,32,30,false,false,1,4617
30,33,30,false,false,1,4605
30,34,30,false,true,1,4610
30,35,30,false,true,1,4616
30,36,30,false,true,1,4608
30,37,30,false,false,1,4603
30,38,30,false,false,1,4613
30,39,30,false,true,1,4614
30,40,30,false,true,2,8616
30,41,30,false,true,2,8610
30,42,30,false,true,2,8604
30,43,30,false,false,2,8601
30,44,30,false,false,2,8609
30,45,30,false,true,2,8614
30,46,30,false,false,2,8613
30,47,30,false,false,2,8607
30,48,30,false,true,2,8618
30,49,30,false,true,2,8600
30,50,30,false,true,2,8612
30,51,30,false,true,2,8602
30,52,30,false,true,2,8608
30,53,30,false,false,2,8603
30,54,30,false,false,2,8605
30,55,30,false,false,2,8619
30,56,30,false,true,2,8606
30,57,30,false,false,2,8615
30,58,30,false,false,2,8617
30,59,30,false,false,2,8611
31,0,30,false,true,0,622
31,1,30,false,true,0,626
31,2,30,false,true,0,630
31,3,30,false,true,0,632
31,4,30,false,true,0,624
31,5,30,false,false,0,639
31,6,30,false,false,0,627
31,7,30,false,false,0,635
31,8,30,false,false,0,631
31,9,30,false,false,0,637
31,10,30,false,true,0,638
31,11,30,false,false,0,621
31,12,30,false,true,0,628
31,13,30,false,false,0,633
31,14,30,false,false,0,623
31,15,30,false,true,0,620
31,16,30,false,false,0,625
31,17,30,false,true,0,634
31,18,30,false,false,0,629
31,19,30,false,true,0,636
31,20,30,false,true,1,4620
31,21,30,false,false,1,4625
31,22,30,false,false,1,4631
31,23,30,false,false,1,4621
31,24,30,false,false,1,4633
31,25,30,false,true,1,4630
31,26,30,false,false,1,4627
31,27,30,false,true,1,4628
31,28,30,false,true,1,4634
31,29,30,false,false,1,4635
31,30,30,false,true,1,4636
31,31,30,false,true,1,4624
31,32,30,false,false,1,4623
31,33,30,false,false,1,4637
31,34,30,false,true,1,4638
31,35,30,false,false,1,4639
31,36,30,false,true,1,4626
31,37,30,false,true,1,4622
31,38,30,false,false,1,4629
31,39,30,false,true,1,4632
31,40,30,false,false,2,8633
31,41,30,false,true,2,8634
31,42,30,false,true,2,8638
31,43,30,false,true,2,8620
31,44,30,false,false,2,8623
31,45,30,false,true,2,8636
31,46,30,false,true,2,8632
31,47,30,false,true,2,8626
31,48,30,false,false,2,8629
31,49,30,false,true,2,8628
31,50,30,false,false,2,8631
31,51,30,false,false,2,8637
31,52,30,false,true,2,8622
31,53,30,false,true,2,8630
31,54,30,false,false,2,8635
31,55,30,false,true,2,8624
31,56,30,false,false,2,8627
31,57,30,false,false,2,8625
31,58,30,false,false,2,8639
31,59,30,false,false,2,8621
32,0,30,false,false,0,659
32,1,30,false,false,0,657
32,2,30,false,false,0,645
32,3,30,false,true,0,642
32,4,30,false,true,0,644
32,5,30,false,false,0,641
32,6,30,false,true,0,646
32,7,30,false,false,0,651
32,8,30,false,true,0,656
32,9,30,false,true,0,650
32,10,30,false,true,0,652
32,11,30,false,true,0,648
32,12,30,false,true,0,640
32,13,30,false,false,0,649
32,14,30,false,false,0,643
32,15,30,false,true,0,658
32,16,30,false,false,0,653
32,17,30,false,false,0,655
32,18,30,false,true,0,654
32,19,30,false,false,0,647
32,20,30,false,false,1,4647
32,21,30,false,false,1,4651
32,22,30,false,false,1,4659
32,23,30,false,false,1,4643
32,24,30,false,true,1,4654
32,25,30,false,true,1,4658
32,26,30,false,false,1,4645
32,27,30,false,false,1,4649
32,28,30,false,true,1,4640
32,29,30,false,true,1,4646
32,30,30,false,true,1,4652
32,31,30,false,false,1,4641
32,32,30,false,true,1,4656
32,33,30,false,true,1,4650
32,34,30,false,true,1,4648
32,35,30,false,true,1,4644
32,36,30,false,false,1,4655
32,37,30,false,true,1,4642
32,38,30,false,false,1,4653
32,39,30,false,false,1,4657
32,40,30,false,true,2,8656
32,41,30,false,true,2,8652
32,42,30,false,false,2,8645
32,43,30,false,true,2,8644
32,44,30,false,false,2,8653
32,45,30,false,true,2,8642
32,46,30,false,true,2,8654
32,47,30,false,true,2,8658
32,48,30,false,false,2,8643
32,49,30,false,true,2,8650
32,50,30,false,false,2,8657
32,51,30,false,false,2,8651
32,52,30,false,true,2,8640
32,53,30,false,true,2,8646
32,54,30,false,false,2,8641
32,55,30,false,true,2,8648
32,56,30,false,false,2,8655
32,57,30,false,false,2,8647
32,58,30,false,false,2,8649
32,59,30,false,false,2,8659
33,0,30,false,false,0,675
33,1,30,false,true,0,666
33,2,30,false,false,0,677
33,3,30,false,false,0,663
33,4,30,false,false,0,673
33,5,30,false,true,0,672
33,6,30,false,true,0,664
33,7,30,false,true,0,668
33,8,30,false,true,0,662
33,9,30,false,false,0,661
33,10,30,false,true,0,674
33,11,30,false,false,0,671
33,12,30,false,false,0,665
33,13,30,false,true,0,678
33,14,30,false,false,0,679
33,15,30,false,true,0,660
33,16,30,false,false,0,669
33,17,30,false,false,0,667
33,18,30,false,true,0,676
33,19,30,false,true,0,670
33,20,30,false,true,1,4664
33,21,30,false,false,1,4661
33,22,30,false,true,1,4672
33,23,30,false,true,1,4662
33,24,30,false,false,1,4673
33,25,30,false,true,1,4668
33,26,30,false,false,1,4677
33,27,30,false,true,1,4678
33,28,30,false,false,1,4667
33,29,30,false,false,1,4663
33,30,30,false,true,1,4666
33,31,30,false,true,1,4674
33,32,30,false,true,1,4660
33,33,30,false,false,1,4671
33,34,30,false,false,1,4675
33,35,30,false,false,1,4669
33,36,30,false,false,1,4679
33,37,30,false,false,1,4665
33,38,30,false,true,1,4670
33,39,30,false,true,1,4676
33,40,30,false,false,2,8679
33,41,30,false,true,2,8672
33,42,30,false,true,2,8664
33,43,30,false,false,2,8675
33,44,30,false,true,2,8668
33,45,30,false,false,2,8667
33,46,30,false,true,2,8666
33,47,30,false,false,2,8661
33,48,30,false,true,2,8674
33,49,30,false,false,2,8663
33,50,30,false,true,2,8678
33,51,30,false,false,2,8677
33,52,30,false,true,2,8660
33,53,30,false,false,2,8669
33,54,30,false,false,2,8673
33,55,30,false,false,2,8671
33,56,30,false,true,2,8670
33,57,30,false,true,2,8676
33,58,30,false,true,2,8662
33,59,30,false,false,2,8665
34,0,30,false,true,0,684
34,1,30,false,true,0,680
34,2,30,false,true,0,688
34,3,30,false,true,0,696
34,4,30,false,false,0,683
34,5,30,false,false,0,697
34,6,30,false,false,0,681
34,7,30,false,false,0,685
34,8,30,false,false,0,691
34,9,30,false,false,0,687
34,10,30,false,true,0,692
34,11,30,false,true,0,686
34,12,30,false,false,0,693
34,13,30,false,true,0,690
34,14,30,false,false,0,699
34,15,30,false,true,0,682
34,16,30,false,true,0,698
34,17,30,false,false,0,695
34,18,30,false,true,0,694
34,19,30,false,false,0,689
34,20,30,false,true,1,4686
34,21,30,false,false,1,4681
34,22,30,false,true,1,4688
34,23,30,false,false,1,4685
34,24,30,false,true,1,4694
34,25,30,false,false,1,4699
34,26,30,false,false,1,4697
34,27,30,false,false,1,4683
34,28,30,false,false,1,4689
34,29,30,false,false,1,4693
34,30,30,false,true,1,4692
34,31,30,false,true,1,4680
34,32,30,false,true,1,4696
34,33,30,false,true,1,4690
34,34,30,false,false,1,4691
34,35,30,false,true,1,4698
34,36,30,false,true,1,4682
34,37,30,false,true,1,4684
34,38,30,false,false,1,4695
34,39,30,false,false,1,4687
34,40,30,false,false,2,8689
34,41,30,false,false,2,8691
34,42,30,false,true,2,8692
34,43,30,false,false,2,8687
34,44,30,false,true,2,8684
34,45,30,false,true,2,8686
34,46,30,false,true,2,8696
34,47,30,false,true,2,8698
34,48,30,false,true,2,8680
34,49,30,false,false,2,8697
34,50,30,false,false,2,8685
34,51,30,false,false,2,8693
34,52,30,false,false,2,8681
34,53,30,false,false,2,8699
34,54,30,false,false,2,8683
34,55,30,false,true,2,8682
34,56,30,false,true,2,8694
34,57,30,false,true,2,8688
34,58,30,false,true,2,8690
34,59,30,false,false,2,8695
35,0,30,false,true,0,704
35,1,30,false,false,0,701
35,2,30,false,false,0,711
35,3,30,false,false,0,719
35,4,30,false,false,0,709
35,5,30,false,false,0,703
35,6,30,false,true,0,718
35,7,30,false,false,0,715
35,8,30,false,true,0,700
35,9,30,false,false,0,713
35,10,30,false,false,0,717
35,11,30,false,true,0,702
35,12,30,false,true,0,714
35,13,30,false,true,0,708
35,14,30,false,true,0,706
35,15,30,false,false,0,705
35,16,30,false,true,0,716
35,17,30,false,false,0,707
35,18,30,false,true,0,710
35,19,30,false,true,0,712
35,20,30,false,true,1,4718
35,21,30,false,true,1,4708
35,22,30,false,true,1,4700
35,23,30,false,true,1,4710
35,24,30,false,true,1,4706
35,25,30,false,false,1,4717
35,26,30,false,true,1,4714
35,27,30,false,true,1,4712
35,28,30,false,false,1,4711
35,29,30,false,false,1,4709
35,30,30,false,true,1,4704
35,31,30,false,false,1,4701
35,32,30,false,false,1,4715
35,33,30,false,false,1,4707
35,34,30,false,false,1,4705
35,35,30,false,true,1,4702
35,36,30,false,false,1,4703
35,37,30,false,true,1,4716
35,38,30,false,false,1,4719
35,39,30,false,false,1,4713
35,40,30,false,false,2,8709
35,41,30,false,true,2,8702
35,42,30,false,true,2,8706
35,43,30,false,false,2,8713
35,44,30,false,true,2,8700
35,45,30,false,false,2,8703
35,46,30,false,false,2,8701
35,47,30,false,false,2,8717
35,48,30,false,false,2,8705
35,49,30,false,true,2,8708
35,50,30,false,true,2,8712
35,51,30,false,true,2,8714
35,52,30,false,true,2,8704
35,53,30,false,true,2,8718
35,54,30,false,true,2,8716
35,55,30,false,false,2,8719
35,56,30,false,true,2,8710
35,57,30,false,false,2,8715
35,58,30,false,false,2,8711
35,59,30,false,false,2,8707
36,0,30,false,false,0,721
36,1,30,false,false,0,723
36,2,30,false,false,0,731
36,3,30,false,false,0,739
36,4,30,false,true,0,720
36,5,30,false,false,0,733
36,6,30,false,true,0,726
36,7,30,false,false,0,727
36,8,30,false,true,0,738
36,9,30,false,true,0,732
36,10,30,false,true,0,736
36,11,30,false,true,0,724
36,12,30,false,false,0,735
36,13,30,false,true,0,722
36,14,30,false,true,0,734
36,15,30,false,false,0,737
36,16,30,false,false,0,725
36,17,30,false,true,0,728
36,18,30,false,true,0,730
36,19,30,false,false,0,729
36,20,30,false,false,1,4727
36,21,30,false,true,1,4722
36,22,30,false,false,1,4729
36,23,30,false,false,1,4723
36,24,30,false,false,1,4737
36,25,30,false,false,1,4733
36,26,30,false,true,1,4736
36,27,30,false,false,1,4725
36,28,30,false,true,1,4738
36,29,30,false,true,1,4730
36,30,30,false,false,1,4721
36,31,30,false,true,1,4724
36,32,30,false,true,1,4728
36,33,30,false,true,1,4726
36,34,30,false,false,1,4731
36,35,30,false,false,1,4739
36,36,30,false,false,1,4735
36,37,30,false,true,1,4720
36,38,30,false,true,1,4734
36,39,30,false,true,1,4732
36,40,30,false,false,2,8725
36,41,30,false,false,2,8735
36,42,30,false,false,2,8737
36,43,30,false,false,2,8727
36,44,30,false,true,2,8734
36,45,30,false,false,2,8739
36,46,30,false,true,2,8724
36,47,30,false,true,2,8722
36,48,30,false,true,2,8732
36,49,30,false,true,2,8728
36,50,30,false,false,2,8729
36,51,30,false,false,2,8731
36,52,30,false,true,2,8720
36,53,30,false,false,2,8721
36,54,30,false,true,2,8738
36,55,30,false,true,2,8726
36,56,30,false,false,2,8733
36,57,30,false,true,2,8736
36,58,30,false,false,2,8723
36,59,30,false,true,2,8730
37,0,30,false,false,0,747
37,1,30,false,true,0,756
37,2,30,false,true,0,742
37,3,30,false,false,0,743
37,4,30,false,true,0,758
37,5,30,false,true,0,752
37,6,30,false,true,0,744
37,7,30,false,true,0,754
37,8,30,false,true,0,740
37,9,30,false,false,0,741
37,10,30,false,false,0,757
37,11,30,false,true,0,750
37,12,30,false,false,0,751
37,13,30,false,true,0,746
37,14,30,false,false,0,753
37,15,30,false,false,0,745
37,16,30,false,false,0,749
37,17,30,false,false,0,755
37,18,30,false,true,0,748
37,19,30,false,false,0,759
37,20,30,false,true,1,4748
37,21,30,false,false,1,4745
37,22,30,false,false,1,4751
37,23,30,false,false,1,4741
37,24,30,false,true,1,4740
37,25,30,false,true,1,4754
37,26,30,false,false,1,4747
37,27,30,false,false,1,4759
37,28,30,false,false,1,4757
37,29,30,false,false,1,4753
37,30,30,false,true,1,4758
37,31,30,false,true,1,4750
37,32,30,false,true,1,4744
37,33,30,false,false,1,4743
37,34,30,false,true,1,4742
37,35,30,false,true,1,4746
37,36,30,false,false,1,4755
37,37,30,false,false,1,4749
37,38,30,false,true,1,4756
37,39,30,false,true,1,4752
37,40,30,false,false,2,8743
37,41,30,false,false,2,8755
37,42,30,false,true,2,8756
37,43,30,false,false,2,8751
37,44,30,false,false,2,8759
37,45,30,false,true,2,8748
37,46,30,false,false,2,8749
37,47,30,false,true,2,8758
37,48,30,false,true,2,8746
37,49,30,false,false,2,8745
37,50,30,false,false,2,8757
37,51,30,false,false,2,8753
37,52,30,false,true,2,8752
37,53,30,false,true,2,8742
37,54,30,false,true,2,8744
37,55,30,false,true,2,8754
37,56,30,false,false,2,8741
37,57,30,false,true,2,8750
37,58,30,false,false,2,8747
37,59,30,false,true,2,8740
38,0,30,false,true,0,772
38,1,30,false,true,0,776
38,2,30,false,false,0,777
38,3,30,false,false,0,771
38,4,30,false,true,0,768
38,5,30,false,false,0,779
38,6,30,false,false,0,773
38,7,30,false,false,0,763
38,8,30,false,false,0,775
38,9,30,false,true,0,764
38,10,30,false,true,0,774
38,11,30,false,false,0,765
38,12,30,false,true,0,778
38,13,30,false,false,0,767
38,14,30,false,true,0,762
38,15,30,false,true,0,766
38,16,30,false,true,0,760
38,17,30,false,true,0,770
38,18,30,false,false,0,761
38,19,30,false,false,0,769
38,20,30,false,false,1,4777
38,21,30,false,false,1,4775
38,22,30,false,true,1,4770
38,23,30,false,true,1,4774
38,24,30,false,false,1,4773
38,25,30,false,true,1,4768
38,26,30,false,false,1,4767
38,27,30,false,true,1,4772
38,28,30,false,true,1,4764
38,29,30,false,false,1,4771
38,30,30,false,true,1,4778
38,31,30,false,false,1,4769
38,32,30,false,false,1,4765
38,33,30,false,true,1,4766
38,34,30,false,false,1,4763
38,35,30,false,false,1,4779
38,36,30,false,true,1,4776
38,37,30,false,false,1,4761
38,38,30,false,true,1,4760
38,39,30,false,true,1,4762
38,40,30,false,true,2,8764
38,41,30,false,true,2,8766
38,42,30,false,true,2,8774
38,43,30,false,false,2,8777
38,44,30,false,false,2,8769
38,45,30,false,false,2,8775
38,46,30,false,false,2,8763
38,47,30,false,false,2,8773
38,48,30,false,true,2,8768
38,49,30,false,true,2,8760
38,50,30,false,false,2,8771
38,51,30,false,true,2,8772
38,52,30,false,false,2,8765
38,53,30,false,false,2,8761
38,54,30,false,true,2,8770
38,55,30,false,false,2,8767
38,56,30,false,true,2,8762
38,57,30,false,true,2,8776
38,58,30,false,false,2,8779
38,59,30,false,true,2,8778
39,0,30,false,true,0,790
39,1,30,false,true,0,792
39,2,30,false,true,0,780
39,3,30,false,false,0,791
39,4,30,false,true,0,794
39,5,30,false,false,0,797
39,6,30,false,false,0,799
39,7,30,false,true,0,782
39,8,30,false,false,0,795
39,9,30,false,true,0,798
39,10,30,false,true,0,784
39,11,30,false,true,0,788
39,12,30,false,true,0,786
39,13,30,false,false,0,787
39,14,30,false,false,0,789
39,15,30,false,true,0,796
39,16,30,false,false,0,793
39,17,30,false,false,0,785
39,18,30,false,false,0,783
39,19,30,false,false,0,781
39,20,30,false,true,1,4780
39,21,30,false,false,1,4793
39,22,30,false,true,1,4796
39,23,30,false,false,1,4797
39,24,30,false,false,1,4783
39,25,30,false,true,1,4790
39,26,30,false,false,1,4787
39,27,30,false,true,1,4788
39,28,30,false,true,1,4798
39,29,30,false,false,1,4791
39,30,30,false,true,1,4786
39,31,30,false,false,1,4785
39,32,30,false,true,1,4784
39,33,30,false,false,1,4799
39,34,30,false,false,1,4795
39,35,30,false,true,1,4794
39,36,30,false,false,1,4789
39,37,30,false,true,1,4792
39,38,30,false,false,1,4781
39,39,30,false,true,1,4782
39,40,30,false,true,2,8780
39,41,30,false,true,2,8788
39,42,30,false,false,2,8781
39,43,30,false,false,2,8791
39,44,30,false,true,2,8782
39,45,30,false,false,2,8787
39,46,30,false,true,2,8798
39,47,30,false,true,2,8796
39,48,30,false,false,2,8783
39,49,30,false,true,2,8794
39,50,30,false,true,2,8792
39,51,30,false,true,2,8790
39,52,30,false,true,2,8784
39,53,30,false,true,2,8786
39,54,30,false,false,2,8789
39,55,30,false,false,2,8795
39,56,30,false,false,2,8793
39,57,30,false,false,2,8785
39,58,30,false,false,2,8799
39,59,30,false,false,2,8797
40,0,30,false,false,0,801
40,1,30,false,false,0,807
40,2,30,false,true,0,810
40,3,30,false,false,0,803
40,4,30,false,true,0,812
40,5,30,false,true,0,818
40,6,30,false,true,0,814
40,7,30,false,false,0,809
40,8,30,false,false,0,811
40,9,30,false,true,0,800
40,10,30,false,false,0,815
40,11,30,false,true,0,806
40,12,30,false,false,0,817
40,13,30,false,false,0,813
40,14,30,false,true,0,804
40,15,30,false,true,0,802
40,16,30,false,false,0,805
40,17,30,false,true,0,816
40,18,30,false,false,0,819
40,19,30,false,true,0,808
40,20,30,false,true,1,4806
40,21,30,false,false,1,4811
40,22,30,false,true,1,4816
40,23,30,false,true,1,4804
40,24,30,false,false,1,4809
40,25,30,false,false,1,4815
40,26,30,false,true,1,4800
40,27,30,false,false,1,4819
40,28,30,false,false,1,4803
40,29,30,false,true,1,4808
40,30,30,false,true,1,4802
40,31,30,false,false,1,4813
40,32,30,false,false,1,4805
40,33,30,false,false,1,4807
40,34,30,false,false,1,4801
40,35,30,false,true,1,4812
40,36,30,false,true,1,4814
40,37,30,false,true,1,4818
40,38,30,false,false,1,4817
40,39,30,false,true,1,4810
40,40,30,false,false,2,8815
40,41,30,false,true,2,8802
40,42,30,false,true,2,8806
40,43,30,false,true,2,8812
40,44,30,false,true,2,8804
40,45,30,false,true,2,8816
40,46,30,false,true,2,8818
40,47,30,false,false,2,8805
40,48,30,false,true,2,8800
40,49,30,false,false,2,8819
40,50,30,false,false,2,8811
40,51,30,false,true,2,8814
40,52,30,false,true,2,8810
40,53,30,false,true,2,8808
40,54,30,false,false,2,8807
40,55,30,false,false,2,8813
40,56,30,false,false,2,8817
40,57,30,false,false,2,8809
40,58,30,false,false,2,8801
40,59,30,false,false,2,8803
41,0,30,false,true,0,824
41,1,30,false,true,0,836
41,2,30,false,false,0,821
41,3,30,false,true,0,832
41,4,30,false,true,0,828
41,5,30,false,false,0,839
41,6,30,false,false,0,823
41,7,30,false,true,0,830
41,8,30,false,false,0,837
41,9,30,false,true,0,834
41,10,30,false,true,0,826
41,11,30,false,true,0,822
41,12,30,false,false,0,835
41,13,30,false,false,0,833
41,14,30,false,false,0,831
41,15,30,false,true,0,838
41,16,30,false,false,0,829
41,17,30,false,false,0,827
41,18,30,false,false,0,825
41,19,30,false,true,0,820
41,20,30,false,false,1,4821
41,21,30,false,false,1,4835
41,22,30,false,true,1,4838
41,23,30,false,true,1,4836
41,24,30,false,false,1,4839
41,25,30,false,true,1,4832
41,26,30,false,true,1,4830
41,27,30,false,false,1,4827
41,28,30,false,true,1,4820
41,29,30,false,true,1,4822
41,30,30,false,true,1,4834
41,31,30,false,false,1,4825
41,32,30,false,true,1,4826
41,33,30,false,false,1,4823
41,34,30,false,true,1,4824
41,35,30,false,false,1,4831
41,36,30,false,true,1,4828
41,37,30,false,false,1,4829
41,38,30,false,false,1,4833
41,39,30,false,false,1,4837
41,40,30,false,true,2,8822
41,41,30,false,false,2,8825
41,42,30,false,true,2,8834
41,43,30,false,false,2,8835
41,44,30,false,true,2,8824
41,45,30,false,true,2,8826
41,46,30,false,true,2,8838
41,47,30,false,false,2,8829
41,48,30,false,false,2,8831
41,49,30,false,true,2,8820
41,50,30,false,false,2,8839
41,51,30,false,true,2,8828
41,52,30,false,false,2,8823
41,53,30,false,true,2,8830
41,54,30,false,true,2,8832
41,55,30,false,false,2,8827
41,56,30,false,false,2,8821
41,57,30,false,false,2,8837
41,58,30,false,false,2,8833
41,59,30,false,true,2,8836
42,0,30,false,true,0,842
42,1,30,false,true,0,840
42,2,30,false,true,0,844
42,3,30,false,false,0,845
42,4,30,false,true,0,858
42,5,30,false,false,0,855
42,6,30,false,false,0,851
42,7,30,false,false,0,849
42,8,30,false,false,0,843
42,9,30,false,false,0,847
42,10,30,false,true,0,848
42,11,30,false,true,0,852
42,12,30,false,false,0,853
42,13,30,false,false,0,859
42,14,30,false,false,0,841
42,15,30,false,true,0,850
42,16,30,false,true,0,846
42,17,30,false,true,0,854
42,18,30,false,true,0,856
42,19,30,false,false,0,857
42,20,30,false,true,1,4846
42,21,30,false,true,1,4842
42,22,30,false,true,1,4850
42,23,30,false,false,1,4859
42,24,30,false,false,1,4857
42,25,30,false,true,1,4852
42,26,30,false,false,1,4851
42,27,30,false,true,1,4840
42,28,30,false,true,1,4844
42,29,30,false,false,1,4849
42,30,30,false,false,1,4845
42,31,30,false,true,1,4858
42,32,30,false,true,1,4848
42,33,30,false,true,1,4854
42,34,30,false,false,1,4853
42,35,30,false,false,1,4843
42,36,30,false,false,1,4847
42,37,30,false,false,1,4855
42,38,30,false,true,1,4856
42,39,30,false,false,1,4841
42,40,30,false,true,2,8848
42,41,30,false,true,2,8858
42,42,30,false,true,2,8854
42,43,30,false,true,2,8842
42,44,30,false,false,2,8855
42,45,30,false,false,2,8841
42,46,30,false,false,2,8843
42,47,30,false,false,2,8845
42,48,30,false,true,2,8846
42,49,30,false,true,2,8850
42,50,30,false,false,2,8853
42,51,30,false,false,2,8851
42,52,30,false,true,2,8844
42,53,30,false,true,2,8852
42,54,30,false,false,2,8859
42,55,30,false,false,2,8847
42,56,30,false,false,2,8857
42,57,30,false,true,2,8856
42,58,30,false,true,2,8840
42,59,30,false,false,2,8849
43,0,30,false,true,0,878
43,1,30,false,false,0,867
43,2,30,false,false,0,861
43,3,30,false,false,0,873
43,4,30,false,true,0,872
43,5,30,false,true,0,866
43,6,30,false,false,0,877
43,7,30,false,false,0,879
43,8,30,false,true,0,868
43,9,30,false,true,0,874
43,10,30,false,true,0,876
43,11,30,false,false,0,869
43,12,30,false,true,0,860
43,13,30,false,true,0,870
43,14,30,false,true,0,862
43,15,30,false,true,0,864
43,16,30,false,false,0,871
43,17,30,false,false,0,865
43,18,30,false,false,0,875
43,19,30,false,false,0,863
43,20,30,false,false,1,4877
43,21,30,false,true,1,4870
43,22,30,false,true,1,4872
43,23,30,false,false,1,4863
43,24,30,false,false,1,4873
43,25,30,false,true,1,4864
43,26,30,false,true,1,4868
43,27,30,false,false,1,4875
43,28,30,false,false,1,4865
43,29,30,false,true,1,4876
43,30,30,false,true,1,4866
43,31,30,false,true,1,4862
43,32,30,false,true,1,4874
43,33,30,false,false,1,4871
43,34,30,false,true,1,4878
43,35,30,false,false,1,4861
43,36,30,false,true,1,4860
43,37,30,false,false,1,4867
43,38,30,false,false,1,4869
43,39,30,false,false,1,4879
43,40,30,false,false,2,8861
43,41,30,false,true,2,8878
43,42,30,false,false,2,8867
43,43,30,false,true,2,8872
43,44,30,false,true,2,8866
43,45,30,false,false,2,8871
43,46,30,false,false,2,8879
43,47,30,false,true,2,8860
43,48,30,false,false,2,8869
43,49,30,false,true,2,8864
43,50,30,false,false,2,8863
43,51,30,false,false,2,8873
43,52,30,false,true,2,8870
43,53,30,false,true,2,8874
43,54,30,false,false,2,8877
43,55,30,false,true,2,8876
43,56,30,false,true,2,8862
43,57,30,false,false,2,8865
43,58,30,false,true,2,8868
43,59,30,false,false,2,8875
44,0,30,false,false,0,883
44,1,30,false,false,0,891
44,2,30,false,true,0,898
44,3,30,false,true,0,892
44,4,30,false,false,0,895
44,5,30,false,true,0,888
44,6,30,false,false,0,899
44,7,30,false,false,0,897
44,8,30,false,true,0,894
44,9,30,false,true,0,896
44,10,30,false,true,0,882
44,11,30,false,false,0,893
44,12,30,false,false,0,881
44,13,30,false,false,0,889
44,14,30,false,false,0,887
44,15,30,false,true,0,890
44,16,30,false,true,0,880
44,17,30,false,true,0,884
44,18,30,false,false,0,885
44,19,30,false,true,0,886
44,20,30,false,true,1,4890
44,21,30,false,true,1,4884
44,22,30,false,false,1,4883
44,23,30,false,true,1,4888
44,24,30,false,false,1,4885
44,25,30,false,true,1,4882
44,26,30,false,true,1,4892
44,27,30,false,false,1,4881
44,28,30,false,true,1,4894
44,29,30,false,false,1,4895
44,30,30,false,false,1,4897
44,31,30,false,true,1,4886
44,32,30,false,false,1,4887
44,33,30,false,false,1,4893
44,34,30,false,false,1,4889
44,35,30,false,false,1,4899
44,36,30,false,false,1,4891
44,37,30,false,true,1,4880
44,38,30,false,true,1,4898
44,39,30,false,true,1,4896
44,40,30,false,true,2,8892
44,41,30,false,true,2,8890
44,42,30,false,false,2,8893
44,43,30,false,true,2,8896
44,44,30,false,false,2,8891
44,45,30,false,false,2,8887
44,46,30,false,true,2,8880
44,47,30,false,true,2,8888
44,48,30,false,false,2,8895
44,49,30,false,true,2,8884
44,50,30,false,true,2,8894
44,51,30,false,true,2,8898
44,52,30,false,false,2,8899
44,53,30,false,false,2,8883
44,54,30,false,true,2,8886
44,55,30,false,true,2,8882
44,56,30,false,false,2,8881
44,57,30,false,false,2,8885
44,58,30,false,false,2,8897
44,59,30,false,false,2,8889
45,0,30,false,false,0,901
45,1,30,false,false,0,907
45,2,30,false,true,0,908
45,3,30,false,true,0,900
45,4,30,false,true,0,910
45,5,30,false,true,0,916
45,6,30,false,false,0,903
45,7,30,false,true,0,906
45,8,30,false,false,0,909
45,9,30,false,false,0,917
45,10,30,false,false,0,913
45,11,30,false,true,0,902
45,12,30,false,true,0,914
45,13,30,false,false,0,905
45,14,30,false,true,0,918
45,15,30,false,true,0,912
45,16,30,false,true,0,904
45,17,30,false,false,0,919
45,18,30,false,false,0,911
45,19,30,false,false,0,915
45,20,30,false,true,1,4900
45,21,30,false,true,1,4906
45,22,30,false,false,1,4905
45,23,30,false,true,1,4912
45,24,30,false,true,1,4910
45,25,30,false,false,1,4909
45,26,30,false,false,1,4915
45,27,30,false,false,1,4917
45,28,30,false,false,1,4901
45,29,30,false,false,1,4907
45,30,30,false,false,1,4903
45,31,30,false,false,1,4913
45,32,30,false,true,1,4902
45,33,30,false,false,1,4911
45,34,30,false,true,1,4918
45,35,30,false,true,1,4904
45,36,30,false,false,1,4919
45,37,30,false,true,1,4916
45,38,30,false,true,1,4908
45,39,30,false,true,1,4914
45,40,30,false,true,2,8918
45,41,30,false,true,2,8900
45,42,30,false,true,2,8902
45,43,30,false,true,2,8904
45,44,30,false,true,2,8906
45,45,30,false,true,2,8912
45,46,30,false,false,2,8909
45,47,30,false,false,2,8903
45,48,30,false,false,2,8911
45,49,30,false,true,2,8916
45,50,30,false,false,2,8907
45,51,30,false,false,2,8901
45,52,30,false,false,2,8905
45,53,30,false,false,2,8917
45,54,30,false,true,2,8910
45,55,30,false,true,2,8908
45,56,30,false,true,2,8914
45,57,30,false,false,2,8913
45,58,30,false,false,2,8919
45,59,30,false,false,2,8915
46,0,30,false,true,0,930
46,1,30,false,false,0,923
46,2,30,false,false,0,927
46,3,30,false,true,0,932
46,4,30,false,true,0,920
46,5,30,false,false,0,921
46,6,30,false,true,0,934
46,7,30,false,true,0,936
46,8,30,false,false,0,931
46,9,30,false,false,0,929
46,10,30,false,true,0,922
46,11,30,false,true,0,938
46,12,30,false,false,0,939
46,13,30,false,false,0,937
46,14,30,false,true,0,928
46,15,30,false,false,0,933
46,16,30,false,true,0,924
46,17,30,false,false,0,925
46,18,30,false,false,0,935
46,19,30,false,true,0,926
46,20,30,false,false,1,4933
46,21,30,false,false,1,4929
46,22,30,false,true,1,4922
46,23,30,false,false,1,4927
46,24,30,false,false,1,4925
46,25,30,false,false,1,4939
46,26,30,false,false,1,4937
46,27,30,false,true,1,4926
46,28,30,false,false,1,4921
46,29,30,false,false,1,4935
46,30,30,false,false,1,4923
46,31,30,false,true,1,4934
46,32,30,false,true,1,4920
46,33,30,false,true,1,4930
46,34,30,false,false,1,4931
46,35,30,false,true,1,4924
46,36,30,false,true,1,4932
46,37,30,false,true,1,4928
46,38,30,false,true,1,4936
46,39,30,false,true,1,4938
46,40,30,false,true,2,8928
46,41,30,false,true,2,8922
46,42,30,false,false,2,8927
46,43,30,false,false,2,8931
46,44,30,false,false,2,8921
46,45,30,false,false,2,8933
46,46,30,false,false,2,8929
46,47,30,false,true,2,8934
46,48,30,false,true,2,8936
46,49,30,false,true,2,8930
46,50,30,false,true,2,8926
46,51,30,false,false,2,8935
46,52,30,false,false,2,8939
46,53,30,false,true,2,8938
46,54,30,false,true,2,8920
46,55,30,false,false,2,8937
46,56,30,false,false,2,8925
46,57,30,false,true,2,8924
46,58,30,false,true,2,8932
46,59,30,false,false,2,8923
47,0,30,false,true,0,948
47,1,30,false,true,0,954
47,2,30,false,false,0,955
47,3,30,false,true,0,950
47,4,30,false,false,0,959
47,5,30,false,true,0,942
47,6,30,false,false,0,947
47,7,30,false,true,0,952
47,8,30,false,false,0,945
47,9,30,false,false,0,953
47,10,30,false,false,0,951
47,11,30,false,true,0,944
47,12,30,false,true,0,956
47,13,30,false,false,0,957
47,14,30,false,false,0,941
47,15,30,false,true,0,940
47,16,30,false,false,0,949
47,17,30,false,false,0,943
47,18,30,false,true,0,958
47,19,30,false,true,0,946
47,20,30,false,false,1,4953
47,21,30,false,false,1,4949
47,22,30,false,true,1,4952
47,23,30,false,false,1,4951
47,24,30,false,true,1,4944
47,25,30,false,true,1,4954
47,26,30,false,false,1,4941
47,27,30,false,false,1,4955
47,28,30,false,true,1,4948
47,29,30,false,false,1,4957
47,30,30,false,false,1,4943
47,31,30,false,false,1,4947
47,32,30,false,true,1,4940
47,33,30,false,false,1,4959
47,34,30,false,true,1,4956
47,35,30,false,true,1,4942
47,36,30,false,true,1,4946
47,37,30,false,true,1,4950
47,38,30,false,false,1,4945
47,39,30,false,true,1,4958
47,40,30,false,false,2,8943
47,41,30,false,true,2,8954
47,42,30,false,true,2,8948
47,43,30,false,false,2,8959
47,44,30,false,true,2,8946
47,45,30,false,false,2,8951
47,46,30,false,true,2,8950
47,47,30,false,false,2,8945
47,48,30,false,false,2,8947
47,49,30,false,false,2,8957
47,50,30,false,false,2,8953
47,51,30,false,true,2,8952
47,52,30,false,true,2,8956
47,53,30,false,true,2,8958
47,54,30,false,true,2,8944
47,55,30,false,true,2,8942
47,56,30,false,false,2,8941
47,57,30,false,false,2,8949
47,58,30,false,false,2,8955
47,59,30,false,true,2,8940
48,0,30,false,true,0,970
48,1,30,false,false,0,961
48,2,30,false,true,0,976
48,3,30,false,true,0,960
48,4,30,false,true,0,968
48,5,30,false,false,0,963
48,6,30,false,true,0,974
48,7,30,false,false,0,979
48,8,30,false,false,0,973
48,9,30,false,true,0,972
48,10,30,false,false,0,969
48,11,30,false,true,0,964
48,12,30,false,true,0,966
48,13,30,false,true,0,962
48,14,30,false,false,0,977
48,15,30,false,false,0,967
48,16,30,false,true,0,978
48,17,30,false,false,0,971
48,18,30,false,false,0,965
48,19,30,false,false,0,975
48,20,30,false,true,1,4978
48,21,30,false,false,1,4969
48,22,30,false,true,1,4970
48,23,30,false,false,1,4965
48,24,30,false,false,1,4961
48,25,30,false,false,1,4973
48,26,30,false,true,1,4964
48,27,30,false,true,1,4972
48,28,30,false,true,1,4966
48,29,30,false,false,1,4975
48,30,30,false,true,1,4962
48,31,30,false,true,1,4960
48,32,30,false,true,1,4974
48,33,30,false,true,1,4968
48,34,30,false,false,1,4967
48,35,30,false,false,1,4979
48,36,30,false,false,1,4977
48,37,30,false,true,1,4976
48,38,30,false,false,1,4971
48,39,30,false,false,1,4963
48,40,30,false,false,2,8971
48,41,30,false,false,2,8975
48,42,30,false,true,2,8964
48,43,30,false,true,2,8978
48,44,30,false,false,2,8967
48,45,30,false,false,2,8963
48,46,30,false,false,2,8977
48,47,30,false,true,2,8966
48,48,30,false,false,2,8973
48,49,30,false,false,2,8979
48,50,30,false,true,2,8976
48,51,30,false,true,2,8974
48,52,30,false,true,2,8962
48,53,30,false,false,2,8965
48,54,30,false,true,2,8972
48,55,30,false,true,2,8968
48,56,30,false,false,2,8961
48,57,30,false,true,2,8970
48,58,30,false,false,2,8969
48,59,30,false,true,2,8960
49,0,30,false,false,0,985
49,1,30,false,false,0,999
49,2,30,false,true,0,996
49,3,30,false,false,0,989
49,4,30,false,true,0,992
49,5,30,false,true,0,994
49,6,30,false,false,0,983
49,7,30,false,true,0,998
49,8,30,false,false,0,997
49,9,30,false,true,0,988
49,10,30,false,false,0,995
49,11,30,false,false,0,991
49,12,30,false,true,0,982
49,13,30,false,false,0,981
49,14,30,false,false,0,993
49,15,30,false,true,0,980
49,16,30,false,true,0,984
49,17,30,false,false,0,987
49,18,30,false,true,0,990
49,19,30,false,true,0,986
49,20,30,false,true,1,4984
49,21,30,false,true,1,4992
49,22,30,false,true,1,4986
49,23,30,false,false,1,4985
49,24,30,false,true,1,4998
49,25,30,false,false,1,4989
49,26,30,false,false,1,4983
49,27,30,false,false,1,4987
49,28,30,false,true,1,4990
49,29,30,false,true,1,4980
49,30,30,false,false,1,4981
49,31,30,false,false,1,4991
49,32,30,false,true,1,4994
49,33,30,false,false,1,4999
49,34,30,false,false,1,4993
49,35,30,false,true,1,4988
49,36,30,false,false,1,4997
49,37,30,false,false,1,4995
49,38,30,false,true,1,4996
49,39,30,false,true,1,4982
49,40,30,false,true,2,8994
49,41,30,false,true,2,8992
49,42,30,false,true,2,8996
49,43,30,false,false,2,8993
49,44,30,false,false,2,8985
49,45,30,false,true,2,8988
49,46,30,false,false,2,8995
49,47,30,false,true,2,8990
49,48,30,false,true,2,8984
49,49,30,false,false,2,8983
49,50,30,false,true,2,8998
49,51,30,false,false,2,8999
49,52,30,false,true,2,8982
49,53,30,false,false,2,8997
49,54,30,false,false,2,8989
49,55,30,false,false,2,8991
49,56,30,false,true,2,8980
49,57,30,false,false,2,8981
49,58,30,false,true,2,8986
49,59,30,false,false,2,8987
50,0,30,false,true,0,1012
50,1,30,false,false,0,1011
50,2,30,false,true,0,1016
50,3,30,false,true,0,1004
50,4,30,false,false,0,1017
50,5,30,false,true,0,1000
50,6,30,false,true,0,1010
50,7,30,false,true,0,1014
50,8,30,false,true,0,1018
50,9,30,false,false,0,1005
50,10,30,false,false,0,1001
50,11,30,false,true,0,1002
50,12,30,false,false,0,1009
50,13,30,false,true,0,1006
50,14,30,false,false,0,1015
50,15,30,false,true,0,1008
50,16,30,false,false,0,1003
50,17,30,false,false,0,1019
50,18,30,false,false,0,1007
50,19,30,false,false,0,1013
50,20,30,false,true,1,5000
50,21,30,false,true,1,5006
50,22,30,false,false,1,5017
50,23,30,false,false,1,5005
50,24,30,false,true,1,5014
50,25,30,false,false,1,5007
50,26,30,false,true,1,5016
50,27,30,false,true,1,5004
50,28,30,false,false,1,5001
50,29,30,false,false,1,5009
50,30,30,false,true,1,5008
50,31,30,false,false,1,5011
50,32,30,false,false,1,5015
50,33,30,false,true,1,5012
50,34,30,false,false,1,5013
50,35,30,false,true,1,5002
50,36,30,false,true,1,5018
50,37,30,false,true,1,5010
50,38,30,false,false,1,5019
50,39,30,false,false,1,5003
50,40,30,false,false,2,9007
50,41,30,false,true,2,9008
50,42,30,false,true,2,9010
50,43,30,false,true,2,9006
50,44,30,false,true,2,9002
50,45,30,false,true,2,9000
50,46,30,false,true,2,9018
50,47,30,false,false,2,9005
50,48,30,false,false,2,9017
50,49,30,false,false,2,9001
50,50,30,false,false,2,9003
50,51,30,false,false,2,9009
50,52,30,false,true,2,9014
50,53,30,false,false,2,9019
50,54,30,false,true,2,9016
50,55,30,false,false,2,9013
50,56,30,false,false,2,9015
50,57,30,false,true,2,9012
50,58,30,false,true,2,9004
50,59,30,false,false,2,9011
51,0,30,false,true,0,1034
51,1,30,false,false,0,1033
51,2,30,false,true,0,1020
51,3,30,false,false,0,1023
51,4,30,false,false,0,1027
51,5,30,false,false,0,1025
51,6,30,false,true,0,1038
51,7,30,false,true,0,1028
51,8,30,false,false,0,1035
51,9,30,false,true,0,1032
51,10,30,false,true,0,1030
51,11,30,false,true,0,1022
51,12,30,false,true,0,1024
51,13,30,false,false,0,1029
51,14,30,false,false,0,1021
51,15,30,false,false,0,1031
51,16,30,false,false,0,1037
51,17,30,false,false,0,1039
51,18,30,false,true,0,1026
51,19,30,false,true,0,1036
51,20,30,false,false,1,5031
51,21,30,false,true,1,5038
51,22,30,false,true,1,5022
51,23,30,false,true,1,5020
51,24,30,false,false,1,5023
51,25,30,false,true,1,5036
51,26,30,false,false,1,5025
51,27,30,false,false,1,5039
51,28,30,false,false,1,5021
51,29,30,false,false,1,5037
51,30,30,false,true,1,5032
51,31,30,false,false,1,5027
51,32,30,false,true,1,5028
51,33,30,false,true,1,5024
51,34,30,false,false,1,5029
51,35,30,false,true,1,5034
51,36,30,false,true,1,5026
51,37,30,false,false,1,5033
51,38,30,false,false,1,5035
51,39,30,false,true,1,5030
51,40,30,false,false,2,9021
51,41,30,false,false,2,9031
51,42,30,false,true,2,9020
51,43,30,false,false,2,9029
51,44,30,false,true,2,9022
51,45,30,false,false,2,9023
51,46,30,false,false,2,9039
51,47,30,false,true,2,9034
51,48,30,false,false,2,9027
51,49,30,false,false,2,9025
51,50,30,false,true,2,9032
51,51,30,false,true,2,9028
51,52,30,false,false,2,9035
51,53,30,false,true,2,9038
51,54,30,false,true,2,9026
51,55,30,false,true,2,9024
51,56,30,false,false,2,9033
51,57,30,false,true,2,9030
51,58,30,false,false,2,9037
51,59,30,false,true,2,9036
